, , ,
1016 8TH AVE S, NSH, TN, 37203
11OE GREENLAND, , TN,
11TH/ BOSCOBEL, , TN,
126 MCARTHUR DR, OLD HICKORY, TN, 37138
13TH AVE S & I40 W EXIT, NASHVILLE, TN, 37203
14TH AVE S & E ENT RAMP, , TN, 37203
1511 JO JO JOHNSTON AVE, NASHVILLE, TN,
16TH AVE S AND DIVISION, NASHVILLE, TN, 37203
16TH AVE S & DOROTHY PL, , TN, 37212
17TH AVE N & MOLLOY ALY, , TN, 37203
17TH AVE & PARRISH ST, NASHVILLE, TN, 37203
17TH AV N/WHELESS ST, , TN,
1800 MEADOW CLF, HERMITAGE, TN, 37210
18TH AVE & MCDANIEL ST, NASHVILLE, TN, 37208
18TH AVE N & MCDANIEL ST, NASHVILLE, TN, 37208
18TH AVE N & MOLLOY ALY, , TN, 37203
19TH AVE & HUBBS ALY, , TN, 37203
209TH 10TH, , TN,
216MM I40 E, NASHVILLE, TN,
21OO SHARONDALE DR, , TN,
21ST AVE AND VANDERWOOD, NASHVILLE, TN,
21ST AVE N & BATAVIA ST, NASHVILLE, TN, 37208
23RD AV N&ST LOUIS ST , , TN,
28TH AVE & I 40 RAMP, NASHVILLE, TN, 37209
28TH AVE N & I 40 RAMP EXIT W, NASHVILLE, TN, 37208
28TH AVE S & NATCHEZ TRC RAMP, NASHVILLE, TN, 37212
28TH AVE S & NATCHEZ TRC RAMP, , TN, 37212
2ND AVE S AND LINDSEY, NASHVILLE, TN,
2ND AVE S & CARNEY ST, NASHVILLE, TN, 37210
2ND AVE S & I40 E EXIT, NASHVILLE, TN, 37210
2ND AVE S & I 40 EXIT W, NASHVILLE, TN, 37210
2ND AVE S & I40 W EXIT, NASHVILLE, TN, 37210
309 W TRINITY LA, TRINITY HILLS, TN, 37207
32ND CT & CHARLOTTE AVE, NASHVILLE, TN, 37209
32ND CT N & CHARLOTTE AVE, , TN, 37209
3RD AVE N & BANKERS ALY, NASHVILLE, TN, 37201
403 FESSLERS LA, HERMITAGE, TN, 37210
46TH AVE N & BRILEY PKWY N ENT RAMP, , TN, 37209
46TH AVE N & WESTLAWN DR, NASHVILLE, TN, 37209
4712 ARAPAHO BND, TUSCULUM, TN, 37013
4721 ARAPAHO BND, TUSCULUM, TN, 37013
47TH AV N, NASHVILLE, BA,
4TH AVE & FRANKLIN ST, NASHVILLE, TN, 37201
4TH AVE N & DOMINICAN DR, NASHVILLE, TN, 37208
4TH AVE S & MULBERRY ST, NASHVILLE, TN, 37203
5100 LINBAR, , QA,
53RD AVE N & MICHIGAN AVE, NASHVILLE, TN, 37209
55MM I24E, NASHVILLE, TN, 37211
58TH AVE & OHIO AVE, NASHVILLE, TN, 37209
5TH AVE S & FRANKLIN ST, NASHVILLE, TN, 37203
63RD AVE N & BRILEY PKWY N, NASHVILLE, TN, 37209
6931 CHAR, NASHVILLE, TN,
6TH AVE S & FRANKLIN ST, NASHVILLE, , 37203
6TH AVE & SHIRLEY ST, NASHVILLE, TN, 37203
7TH AVE N & HARRISON ST, NASHVILLE, TN, 37219
7TH AVE N & JACKSON ST, NASHVILLE, TN, 37208
7TH AVE & SHIRLEY ST, NASHVILLE, TN, 37203
808 PATRICIA DR, AIRPORT MAIL FACILIT, TN, 37217
8TH AVE S & I 65 ENTRY S, NASHVILLE, TN, 37203
ACKLIN AVENUE RAMP & ORLEANS DR, NASHVILLE, , 37212
ADAMS MILL CT & SUNNYWOOD DR, ANTIOCH, TN, 37013
AIRPORT DR & BRILEY PKWY RAMP, , , 37217
ALDERBUSH CT & PRESERVE BLVD, , TN, 37013
ALMOND ST, CENTRAL, TN, 37201
ANDERSON LA & ARCHWOOD DR, MADISON, TN, 37115
ANDERSON LA & DELAWARE AVE, MADISON, TN, 37115
ANDERSON LA & MAY DR, MADISON, TN, 37115
ANDERSON LA & MYATT DR, MADISON, TN, 37115
ANDERSON LA & SCALF DR, MADISON, TN, 37115
ANDERSON LA & SNOW AVE, MADISON, TN, 37115
ANDERSON RD & FIELDSTONE DR, ANTIOCH, TN, 37013
ANDERSON RD & HIGH RIGGER DR, ANTIOCH, TN, 37013
ANDERSON RD & NAUTILUS DR, ANTIOCH, TN, 37013
ANDREW JACKSON PKWY & DONELSON TRC, HERMITAGE, TN, 37076
ANDREW JACKSON PKWY & DONELSON TRC, , TN, 37076
ANDREW JACKSON PKWY & JACKSON TRC, , TN, 37076
ANDREW JACKSON PKWY & STONERS GLEN DR, HERMITAGE, TN, 37076
ANN ST & REBECCA ST, NASHVILLE, TN, 37216
ANTIOCH PIKE & MCCOMBS AVE, NASHVILLE, , 37211
ANTIOCH PK AND MCCOMBS, NASHVILLE, TN,
ANTIOCH PKE OOC, , TN,
APACHE TRL & EZELL RD, NASHVILLE, TN, 37211
APEX ST & PETWAY AVE, NASHVILLE, TN, 37206
ARCHWOOD DR & STHY 45, MADISON, TN, 37115
ARMORY DR EXIT RAMP & POWELL AVE, , TN, 37204
ASBURY DR & TEMPLE RD, , TN, 37221
ASHLAND CITY HWY & CHEATHAM LINE CORD, NASHVILLE, TN, 37218
ASHLAND CITY HWY/WWCR AVE, NASHVILLE, TN,
ASHLAWN CT & SEVEN HILLS BLVD, , TN, 37215
ASHLEY PARK DR & WOODMONT BLVD, NASHVILLE, , 37205
ASHLEY PARK DR & WOODMONT BLVD, NASHVILLE, TN, 37205
AUSTIN LA & DOVERSIDE DR, NASHVILLE, TN, 37207
AUSTIN LA & MASONWOOD DR, NASHVILLE, TN, 37207
AUTUMN KNL & OLD LEBANON DIRT RD, HERMITAGE, TN, 37076
AUTUMN OAKS CT & AUTUMN OAKS DR, ANTIOCH, TN, 37013
AUTUMN OAKS DR & NOLENSVILLE PIKE, ANTIOCH, TN, 37013
AVERITT EXPRESS DR & BRILEY PKWY ENTRY N, NASHVILLE, TN, 37211
BABY RUTH LA & MOUNT VIEW RD, ANTIOCH, TN, 37013
BANKERS ALY & PRINTERS ALY, NASHVILLE, TN, 37201
BARNES BEND DR & SUNNYWOOD DR, ANTIOCH, TN, 37013
BAUGH RD & OLD HARDING PIKE, NASHVILLE, TN, 37221
BAXTER AVE & GILLOCK ST, NASHVILLE, TN, 37216
BELL GRIMES LN & BRICK CHURCH PIKE, WHITES CREEK, TN, 37189
BENNETT PL & MONTICELLO DR, , TN, 37207
BERNARD RD & CLARKSVILLE PIKE, WHITES CREEK, TN, 37189
BERRY ST & JOSEPH AVE, NASHVILLE, TN, 37207
BERWICK TRL & COGGIN PA, MADISON, TN, 37115
BIENVILLE DR & NOLENSVILLE PIKE, ANTIOCH, TN, 37013
BIRCH AVE & FERN AVE, NASHVILLE, TN, 37207
BIXLER FARMS BLVD & MCARTHUR DR, , TN, 37115
BNA DR & KNIGHTS OF COLONEL BLVD, , TN, 37217
BONNAHURST DR & PLANTATION DR, HERMITAGE, TN, 37076
BRATTON AVE & CLARKSVILLE PIKE, , TN, 37218
BREWER DR, TUSCULUM, TN, 37013
BRICK CHURCH PIKE & BRILEY E ENT RAMP, NASHVILLE, TN, 37207
BRICK CHURCH PIKE & BRILEY PKWY E ENTRY, NASHVILLE, TN, 37207
BRICK CHURCH PIKE & BRILEY PKWY EXIT W, NASHVILLE, TN, 37207
BRICK CHURCH PIKE & EXT S, , TN, 37207
BRICK CHURCH PIKE & I 65 ENTRY S, NASHVILLE, TN, 37207
BRICK CHURCH PIKE & READ AVE, NASHVILLE, , 37207
BRICK CHURCH PIKE & READ AVE, NASHVILLE, TN, 37207
BRICK CHURCH PIKE & VALLEY TRL, WHITES CREEK, TN, 37189
BRICK CHURCH PKE&I65 S ENT RMP, , TN,
BRICK CHURCH PK & WHITES CREEK PK, NASHVILLE, TN, 37208
BRIEY, , TN,
BRILEY E ENT RAMP/ELLINGTON PK, NASHVILLE, TN, 37216
BRILEY E ENT RAMP & GALLATIN PIKE, NASHVILLE, TN, 37216
BRILEY E ENT RAMP & WHITES CREEK PIKE, , TN, 37207
BRILEY E EXIT RAMP & CLARKSVILLE PIKE, , TN, 37218
BRILEY E EXIT RAMP & GALLATIN PIKE, NASHVILLE, TN, 37216
BRILEY E EXIT RAMP & WHITES CREEK PIKE, , TN, 37207
BRILEY MM19, , TN,
BRILEY N ENT RAMP & CENTENNIAL BLVD, NASHVILLE, TN, 37209
BRILEY N ENT RAMP & COUNTY HOSPITAL RD, , TN, 37218
BRILEY N ENT RAMP & ELM HILL PIKE, NASHVILLE, TN, 37214
BRILEY N ENT RAMP & LEBANON PIKE, , TN, 37214
BRILEY N ENT RAMP & TWO RIVERS PKWY, , TN, 37214
BRILEY N EXIT RAMP & BRILEY PKWY, , TN, 37214
BRILEY N EXIT RAMP & LEBANON PIKE, , TN, 37214
BRILEY PARKWAY EAST BOUND, NASHVILLE, TN, 37215
BRILEY PARKWAY EASTBOUND , NASHVILLE, TN, 37215
BRILEY PARKWAY EASTBOUND, NASHVILLE, TN, 37215
BRILEY PARKWAY  EXIT 11, , TN,
BRILEY PKWY & CURREY RD, NASHVILLE, TN, 37211
BRILEY PKWY E EXIT & DICKERSON PIKE, MADISON, TN, 37115
BRILEY PKWY E EXIT & GALLATIN PIKE, NASHVILLE, TN, 37216
BRILEY PKWY & E EXIT RAMP, NASHVILLE, TN, 37217
BRILEY PKWY E EXIT & WHITES CREEK PIKE, NASHVILLE, TN, 37207
BRILEY PKWY ENTRY E & WHITES CREEK PIKE, NASHVILLE, TN, 37207
BRILEY PKWY ENTRY S & I 24 ENTRY W, NASHVILLE, TN, 37211
BRILEY PKWY ENTRY S, NASHVILLE, TN, 37214
BRILEY PKWY ENTRY S & OPRYLAND DR EXIT, NASHVILLE, TN, 37214
BRILEY PKWY ENTRY W & DICKERSON PIKE, MADISON, TN, 37115
BRILEY PKWY ENTRY W, NASHVILLE, TN, 37216
BRILEY PKWY E & SAUNDERS AVE, , TN, 37216
BRILEY PKWY EXIT E & GALLATIN PIKE, NASHVILLE, TN, 37216
BRILEY PKWY EXIT E & WHITES CREEK PIKE, NASHVILLE, TN, 37207
BRILEY PKWY EXIT S, , TN, 37214
BRILEY PKWY EXIT W & CLARKSVILLE PIKE, NASHVILLE, TN, 37218
BRILEY PKWY EXIT W & GALLATIN PKE EXIT N, MADISON, TN, 37115
BRILEY PKWY EXIT W & I 65 N, MADISON, TN, 37115
BRILEY PKWY & I40 E EXIT, NASHVILLE, TN, 37217
BRILEY PKWY & KNIGHT DR, WHITES CREEK, TN, 37189
BRILEY PKWY & MOOREWOOD DR, NASHVILLE, TN, 37207
BRILEY PKWY N & CURREY RD, NASHVILLE, TN, 37211
BRILEY PKWY N & CURREY RD, , TN, 37217
BRILEY PKWY N ENT RAMP & CENTENNIAL BLVD, , TN, 37209
BRILEY PKWY N ENT RAMP & LEBANON PIKE, NASHVILLE, TN, 37214
BRILEY PKWY N ENT RAMP & LEBANON PIKE, , TN, 37214
BRILEY PKWY N ENTRY & MORROW RD, NASHVILLE, TN, 37209
BRILEY PKWY N EXIT & LEBANON PIKE, NASHVILLE, TN, 37214
BRILEY PKWY N EXIT & TWO RIVERS PKWY, NASHVILLE, TN, 37214
BRILEY PKWY N EXT RAMP & CENTENNIAL BLVD, NASHVILLE, TN, 37209
BRILEY PKWY N EXT RAMP & CENTENNIAL BLVD, , TN, 37209
BRILEY PKWY N EXT RAMP, NASHVILLE, TN, 37217
BRILEY PKWY N & REVERE PL, , TN, 37214
BRILEY PKWY N & W EXIT RAMP, NASHVILLE, TN, 37214
BRILEY PKWY RAMP, HERMITAGE, TN, 37217
BRILEY PKWY RAMP & I 24 E, NASHVILLE, TN, 37210
BRILEY PKWY & REVERE PL, NASHVILLE, TN, 37214
BRILEY PKWY & SAUNDERS AVE, MADISON, TN, 37115
BRILEY PKWY S & CURREY RD, NASHVILLE, TN, 37211
BRILEY PKWY S ENT RAMP & CENTENNIAL BLVD, , TN, 37209
BRILEY PKWY S ENT RAMP, NASHVILLE, TN, 37214
BRILEY PKWY S ENT RAMP, NASHVILLE, TN, 37217
BRILEY PKWY S ENTRY & OPRYLAND DR EXIT, NASHVILLE, TN, 37214
BRILEY PKWY S EXIT & I 40 E, NASHVILLE, TN, 37209
BRILEY PKWY S EXIT, , TN, 37214
BRILEY PKWY S EXT RAMP & CENTENNIAL BLVD, , TN, 37209
BRILEY PKWY S EXT RAMP & LEBANON PIKE, , TN, 37214
BRILEY PKWY S & I24 W ENTRY, NASHVILLE, TN, 37211
BRILEY PKWY S & W EXIT RAMP, , TN, 37210
BRILEY PKWY W ENTRY & DICKERSON PIKE, MADISON, TN, 37115
BRILEY PKWY W ENTRY, NASHVILLE, TN, 37216
BRILEY PKWY W EXIT & WHITES CREEK PIKE, WHITES CREEK, TN, 37189
BRILEY PKWY W EXT RAMP & GALLATIN PIKE, MADISON, TN, 37115
BRILEY PKWY W EXT RAMP & I 65 N, MADISON, TN, 37115
BRILEY PKWY W EXT RAMP, MADISON, TN, 37115
BRILEY PKWY W & KNIGHT DR, WHITES CREEK, TN, 37189
BRILEY PKWY W & PENNINGTON BEND RD, NASHVILLE, TN, 37214
BRILEY PKWY W & SAUNDERS AVE, MADISON, TN, 37115
BRILEY PKWY W & WHITES CREEK PIKE, WHITES CREEK, TN, 37189
BRILEY, , QA,
BRILEY S ENT RAMP & I 40 W, , TN, 37210
BRILEY S ENT RAMP & LEBANON PIKE, NASHVILLE, TN, 37214
BRILEY S ENT RAMP & MCGAVOCK PIKE, , TN, 37214
BRILEY S EXIT RAMP & CENTENNIAL BLVD, , TN, 37209
BRILEY W ENT RAMP & GALLATIN PIKE, MADISON, TN, 37115
BRILEY W ENT RAMP & WHITES CREEK PIKE, , TN, 37207
BRILEY W EXIT RAMP & WHITES CREEK PIKE, , TN, 37207
BROADMOOR AND GRAMAR, NASHVILLE, TN,
BROADMOOR DR & ELLINGTON PKWY RAMP, NASHVILLE, , 37216
BROADMOOR DR & ELLINGTON PKWY RAMP, NASHVILLE, TN, 37216
BROADMOOR DR & JOYCE LN, , TN, 37216
BROADMOOR, NASHVILLE, QA,
BROADMOOR / SAUNDERS, , TN,
BROADWAY & GEORGE L DAVIS BLVD, NASHVILLE, TN, 37203
BROADWAY & I 40 ENTRY E, NASHVILLE, TN, 37203
BROADWAY & I40 W ENTRY, NASHVILLE, TN, 37203
BUBBLING WELL RD & SANDHURST DR, MADISON, TN, 37115
BUCHANAN 17TH AVE, , TN,
BUCHANAN ST & ROSA L PARKS BLVD, NASHVILLE, TN, 37208
BUCH, , TN,
BUENA VISTA PIKE, TRINITY HILLS, TN, 37218
BURKITT RD & CANONBURY DR, ANTIOCH, TN, 37013
BURKITT RD & WHITTEMORE LA, NOLENSVILLE, TN, 37135
BURRUS ST & GILLOCK ST, NASHVILLE, TN, 37216
BUTLERS LN & OLD HICKORY BLVD, OLD HICKORY, TN, 37138
CABIN HILL RD & CORDELL DR, , TN, 37214
CABOT, NASH, NA,
CALDWELL LN & MCCONNELL ST, NASHVILLE, TN, 37204
CALDWELL LN & MCCONNELL ST, , TN, 37204
CANDLEWOOD DR & NEELYS BEND RD, MADISON, TN, 37115
CANNON & UNIVERSITY, , TN,
CENTRAL PIKE & I40 E EXIT, HERMITAGE, TN, 37076
CENTRAL PIKE & I 40 ENTRY W, HERMITAGE, TN, 37076
CENTRAL PIKE & I 40 EXIT E, HERMITAGE, TN, 37076
CENTRAL PKE EXIT & I 40 ENTRY W, HERMITAGE, TN, 37076
CHARLOTTE AVE & I40 W ENTRY, NASHVILLE, TN, 37203
CHARLOTTE AVE & MCMILLAN ST, NASHVILLE, , 37203
CHARLOTTE AVE, NASHVILLE, QA,
CHARLOTTE AVE & SHORTVIEW AVE, NASHVILLE, TN, 37203
CHARLOTTE & LEALAND, , TN,
CHARLOTTE / MCMILLAN, , TN,
CHARLOTTE PIKE & I40 E EXIT, NASHVILLE, TN, 37205
CHARLOTTE PIKE & I 40 EXIT E, , TN, 37209
CHARLOTTE PIKE & WATTS LA, , TN, 37209
CHARLOTTE PIKE & WEST HILLS CONDOS PVT, NASHVILLE, TN, 37221
CHERON RD & ELLINGTON PKWY, MADISON, TN, 37115
CHESTERFIELD AVE & HILLSIDE DR, NASHVILLE, TN, 37212
CHET ATKINS PL & MUSIC SQ E, NASHVILLE, TN, 37203
CHEYENNE BLVD&CANTON PASS , , TN,
CHEYENNE BLVD & NEELYS BEND CIR, MADISON, TN, 37115
CHEYENNE BLVD & NOTTINGHAM DR, MADISON, TN, 37115
CHICKASAW AVE & ELLINGTON PKWY, NASHVILLE, TN, 37207
CLAKSVILLEHIGH WAY, NASHVILLE, TN,
CLARKSVILLE PIKE & MCDANIEL ST, NASHVILLE, TN, 37208
CLARKSVILLE PIKE & OLD CLARKSVILLE PIKE, WHITES CREEK, TN, 37189
CLARKSVILLE PIKE & OLD HICKORY BLVD, JOELTON, TN, 37080
CLARKSVILLE PK & CURTIS AVE, NASHVILLE, TN, 37208
CLAY LICK RD & I 24 W, WHITES CREEK, TN, 37189
CLIFTON AVE & SHORTVIEW AVE, NASHVILLE, , 37203
CLIFTON AVE & SHORTVIEW AVE, NASHVILLE, TN, 37203
CLIFTON AVE & SHORTVIEW AVE, NASHVILLE, TN, 37209
COGGIN PA & NEELYS BEND RD, MADISON, TN, 37115
COLEY DAVIS RD & DONA MCPHERSON DR, , TN, 37221
COLLEGE AVE & DR WALTER S DAVIS BV, NASHVILLE, TN, 37209
COMPTON TRC & HARDING PL, , TN, 37215
COMPTON TRC & LONGVIEW WAY, , TN, 37215
CONCORD HILLS DR & OAK KNOLL DR, ANTIOCH, TN, 37013
CONFERENCE DR & VIETNAM VET RAMP, GOODLETTSVILLE, TN, 37072
COOPERTOWN RD & WHITES CREEK PIKE, GOODLETTSVILLE, TN, 37072
COUCHVILLE PIKE & MCCRORY CREEK RD, NASHVILLE, TN, 37214
COWAN ST, CENTRAL, TN, 37207
COWAN ST, CENTRAL, TN, 37213
COWAN ST & I 65 N, NASHVILLE, TN, 37207
CRAIGHEAD ST & I 65 N, NASHVILLE, TN, 37204
CREEKSIDE DR, TUSCULUM, TN, 37013
CUNNIFF PKWY & I 65 N, MADISON, TN, 37115
CUNNIFF PKWY & I 65  N, , TN, 37072
DAVIDSON ST & SEVIER ST, NASHVILLE, TN, 37206
DEER TRC & MYRTLEWOOD DR, , TN, 37211
DELAWARE AVE & STHY 45, MADISON, TN, 37115
DELTA AVE & JANE ST, NASHVILLE, TN, 37208
DEMONBREUN ST, CENTRAL, TN, 37201
DEMONBREUN ST, CENTRAL, TN, 37203
DEMONBREUN ST & I40 W EXIT, NASHVILLE, TN, 37203
DERBY TRC & EDMONDSON PIKE, NASHVILLE, TN, 37211
DERBY TRC & EDMONDSON PIKE, , TN, 37211
DICKERSON PIKE & HUFF AVE, NASHVILLE, TN, 37207
DICKERSON PIKE & HUFF AVE, , TN, 37207
DICKERSON PIKE & I65 S ENTRY, MADISON, TN, 37115
DICKERSON PIKE & SKYLINE MEMORIAL CT, MADISON, TN, 37115
DICKERSON PIKE S, UNION HILL, TN, 37189
DICKERSON PKE ENT RAMP, NORTH, TN, 37207
DICKERSON PKE&I65 N , , TN,
DICKERSON PKE RAMP & I 24 W, NASHVILLE, TN, 37207
DICKERSON PKE RAMP & I 24 W, , TN, 37207
DONELSON PIKE & I40 E ENTRY, NASHVILLE, TN, 37217
DONELSON PIKE & I 40 ENTRY W, NASHVILLE, TN, 37214
DONELSON PIKE & OLD EZELL RD, NASHVILLE, , 37217
DONELSON PIKE & TERMINAL DR, NASHVILLE, TN, 37217
DONELSON PIKE, UNDEFINED, TN, undefined
DONNA KAY DR & PROVIDENCE PARK LN, NASHVILLE, TN, 37211
DORVERSIDE, , TN,
DOUBLETREE LA & NASHBORO BLVD, NASHVILLE, TN, 37217
DOUGLAS AVE & ELLINGTON PKWY RAMP, NASHVILLE, , 37206
DOUGLAS AVE & ELLINGTON PKWY RAMP, NASHVILLE, TN, 37206
DOUGLAS AV / N 8TH ST, , TN,
DOUGLAS AV RAMP & SOUTH DOUGLAS AVE, NASHVILLE, TN, 37204
DRAKE WOOD LA & DRAKES BRANCH RD, NASHVILLE, TN, 37218
DR D B TODD JR BLVD&ST LOUIS S, , TN,
DR ENOCHONES, , TN,
DUDLEY PL& NATCHEZ TRACE, , TN,
DUNN LN & OLD HICKORY BLVD, BRENTWOOD, TN, 37027
DUPONT AVE DELAWARE AVE, , TN,
DUVAL CT & MADISON ST, MADISON, TN, 37115
DUVAL CT & WOODRUFF ST, MADISON, TN, 37115
ED TEMPLE AND WALTER DANIS, NASHVILLE, TN,
ED TEMPLE BLVD & SAM DAVIS BLVD, NASHVILLE, TN, 37208
E ENT RAMP & 28TH AVE N, NASHVILLE, TN, 37208
E ENT RAMP & NOLENSVILLE PIKE, NASHVILLE, TN, 37211
E EXIT RAMP & 2ND AVE S, , TN, 37210
E EXIT RAMP & MURPHY RD, , TN, 37205
ELLINGTON OKWY RAMP, , TN,
ELLINGTON PKWY & ELLINGTON PKWY RAMP, , TN, 37207
ELLINGTON PKWY & I 65 ENTRY N, MADISON, TN, 37115
ELLINGTON PKWY & I 65 RAMP EXIT S, NASHVILLE, TN, 37216
ELLINGTON PKWY RAMP & HART LN, NASHVILLE, TN, 37207
ELLINGTON PKWY RAMP & HART LN, NASHVILLE, TN, 37216
ELLINGTON PKWY RAMP & MAIN ST, NASHVILLE, TN, 37206
ELLINGTON PKWY RAMP & MAIN ST, NASHVILLE, TN, 37207
ELLINGTON PKWY RAMP & MAIN ST, , TN, 37207
ELLINGTON PKWY RAMP, NASHVILLE, TN, 37206
ELLINGTON PKWY & RAMP, NASHVILLE, TN, 37207
ELLINGTON PKWY RAMP, , TN, 37206
ELLINGTON PKWY RAMP, , TN, 37207
ELM HILL PIKE & NEILWORTH LA, , TN, 37214
EMMETT AV / DOUGLAS, , TN,
E OHB AND RIO VISTA DR, NASHVILLE, TN,
E OHB, MADISON, TN, 37115
E PALESTINE, S GALLATIN, TN,
ERIN LA & HWY 70 S, NASHVILLE, TN, 37205
E THOMPSON LA & GLENCLIFF RD, NASHVILLE, TN, 37210
E THOMPSON LA & LAWNDALE DR, , TN, 37217
E THOMPSON LA & MURFREESBORO PIKE, , TN, 37217
E THOMPSON LA & WIMPOLE DR, NASHVILLE, TN, 37217
E TRINITY LA & ELLINGTON PKWY, NASHVILLE, TN, 37207
E TRINITY LA & GALLATIN PIKE, NASHVILLE, TN, 37216
E TRINITY LN & ELLINGTON PKWY RAMP, NASHVILLE, TN, 37216
E WEBSTER ST & LIBERTY CIR, MADISON, TN, 37115
EXIT 10 BRILEY N, NASHVILLE, TN, 37214
EXIT 11 BRILEY N, NASHVILLE, TN, 37214
EXIT 14A BRILEY E, NASHVILLE, TN, 37216
EXIT 14 BRILEY E, , TN,
EXIT 15A BRILEY E, NASHVILLE, TN, 37216
EXIT 15B BRILEY E, NASHVILLE, TN, 37216
EXIT 17 BRILEY E, NASHVILLE, TN, 37207
EXIT 17 BRILEY W, NASHVILLE, TN, 37207
EXIT 18A BRILEY E, NASHVILLE, TN, 37207
EXIT 18B BRILEY E, NASHVILLE, TN, 37207
EXIT 19 BRILEY E, NASHVILLE, TN, 37207
EXIT 19 BRILEY W, WHITES CREEK, TN, 37189
EXIT 35 I 24 E, JOELTON, TN, 37080
EXIT 40 I 24 E, WHITES CREEK, TN, 37189
EXIT 47A I24W, , TN,
EXIT 4 BRILEY S, NASHVILLE, TN, 37217
EXIT 59 I 24 E, ANTIOCH, TN, 37013
EXIT 59 I 24 W, ANTIOCH, TN, 37013
EXIT 5 BRILEY N, NASHVILLE, TN, 37217
EXIT 5 BRILEY PKWY, , TN,
EXIT 7 BRILEY N, NASHVILLE, TN, 37214
EXIT 90 I 65 N, MADISON, TN, 37115
EXIT 92 I 65 N, MADISON, TN, 37115
EXIT 95 I 65 N, GOODLETTSVILLE, TN, 37072
EXIT 96 I 65 N, GOODLETTSVILLE, TN, 37072
EZELL PIKE & OLD EZELL RD, NASHVILLE, TN, 37217
EZELL RD & SYFERT LA, , TN, 37211
EZELL RD, TUSCULUM, TN, 37211
FACTORY ST & NANCE LN, NASHVILLE, TN, 37210
FACTORY ST & PARRIS AVE, NASHVILLE, TN, 37210
FAIRCLOTH LA & MURFREESBORO PIKE, , TN, 37217
FAIRWAY POINTE PVT DR & NASHBORO BLVD, , TN, 37217
FALL DR & WINTERBROOK RD, WHITES CREEK, TN, 37189
FAULKNER DR & LEOPOLE RD, NASHVILLE, TN, 37211
FERN AVE & I 65 N, NASHVILLE, TN, 37207
FESSLERS LN &AMP; I40 W ENT RAMP, , TN,
FESSLERS LN & I40 W ENTRY, NASHVILLE, TN, 37210
FOGG ST, CENTRAL, TN, 37203
FOSTER, NASHVILLE , RH,
FRANKLIN PIKE & THOMPSON LA RAMP, NASHVILLE, TN, 37204
FREEMAN LA & JOE PYRON DR, MADISON, TN, 37115
FRESSLERS, , TN,
GA;;ATIN RD, NASHVILLE, TN, 37216
GALE LA&LEALAND LA , , TN,
GALLATIN PIKE & JOYCE LA, , TN, 37216
GALLATIN PIKE & WINDING WAY, NASHVILLE, TN, 37216
GALLATIN / ZOPHI, , TN,
GATEWOOD AV / LUTON ST, , TN,
GEORGE L DAVIS BLVD & I 40 ENTRY W, NASHVILLE, TN, 37203
GEORGE L DAVIS/BROADWAY, NASHVILLE, TN,
GEYLER, , TN,
GLEN LEVEN DR & MCCONNELL ST, , TN, 37204
GLENROSE AVE & I 24 W, NASHVILLE, TN, 37211
GLENROSE AVE & I 440 E, NASHVILLE, TN, 37210
GLENROSE AVE & I 440 E, , TN, 37210
GOLF CLUB RD & LAWRENCE ST, , TN, 37138
GRANNY WHITE PIKE & GRANNY WHITE TRC, , TN, 37220
GRANNY WHITE PIKE & PITTMAN PL, , TN, 37215
GRAYBAR LA & HILLSBORO PIKE, NASHVILLE, TN, 37215
GRAY OAKS DR  TOWER PL, , TN,
GREENFIELD AVE & WINDSOR AVE, NASHVILLE, , 37216
GREEN ST & HERMITAGE AVENUE EXIT RAMP, NASHVILLE, TN, 37210
GREYMONT DR & MCDONALD DR, , , 37217
HAILEY AVE & RIVER DR, NASHVILLE, TN, 37218
HARDING PL & I 24 ENTRY W, NASHVILLE, TN, 37211
HARDING PL & I 24 EXIT E, NASHVILLE, TN, 37211
HARDING PL & I24 W EXIT, NASHVILLE, TN, 37211
HARDING PL & I65 N EXIT, NASHVILLE, TN, 37220
HARDING, , QA,
HART LA & SAUNDERS AVE, , TN, 37216
HAWKINS ST & SOUTHSIDE AVE, NASHVILLE, TN, 37203
HAYERSBORO RD, , TN,
HAYSBORO/BRUSH, , TN,
HAYWOOD LN & I24 E ENTRY, NASHVILLE, TN, 37211
HAYWOOD LN & I24 W EXIT, NASHVILLE, TN, 37211
HEIMAN, D, BA, TODD
HELEN DR & MCGAVOCK PIKE, NASHVILLE, TN, 37217
HERMITAGE AVE & I40 E ENTRY, NASHVILLE, TN, 37210
HERMITAGE AVE & I 40 ENTRY E, NASHVILLE, TN, 37210
HERMITAGE AVENUE EXIT RAMP & I 40 W, NASHVILLE, TN, 37210
HICKS RD & WATERFORD CIR, , TN, 37221
HIGHLAND VIEW DR & MCKENDREE CIR, HERMITAGE, TN, 37076
HILLCREST DR & MCCARLEY AVE, , , 37115
HILLSBORO PIKE & I440 E EXIT, NASHVILLE, TN, 37215
HILLSBORO PIKE & I 440 EXIT W, , TN, 37212
HILLSBORO PIKE & I440 W EXIT, NASHVILLE, TN, 37212
HILLS CHAPEL RD & NOLENSVILLE PIKE, ANTIOCH, , 37013
HILLS CHAPEL RD & NOLENSVILLE PIKE, ANTIOCH, TN, 37013
HOBBS RD & LYNNWOOD BLVD, NASHVILLE, TN, 37205
HOBSON PIKE & MURFREESBORO PKE RAMP, ANTIOCH, TN, 37013
HOBSON PIKE & MURFREESBORO PKE RMP, , TN, 37013
HOBSON PIKE & WILSON CTYLN, HERMITAGE, TN, 37076
HOBSON PKE RAMP & MURFREESBORO PIKE, ANTIOCH, TN, 37013
HOBSON PKE RAMP & MURFREESBORO PIKE, , TN, 37013
HOBSON PKE RAMP & MURFREESBORO PKE RAMP, ANTIOCH, TN, 37013
HOBSON PKE RMP & MURFREESBORO PIKE, , TN, 37013
HOBSON PKE RMP & MURFREESBORO PKE RMP, , TN, 37013
HOMELAND DR & STEVENS LA, , TN, 37218
HOMESTEAD LN & OLD HICKORY BLVD, , TN, 37027
HUMBER DR & WALLACE RD, NASHVILLE, TN, 37211
HWY 70 S&MYHR GREEN, , TN,
I24E AND BRILEY PKWY, NASHVILLE, TN,
I24 EAST MM47, NASHVILLE, TN, 37207
I 24 E & BIDWELL RD, JOELTON, TN, 37080
I24 E&BRILEY PKWY RAMP , , TN,
I 24 E & CLAY LICK CT, JOELTON, TN, 37080
I 24 E & CLAY LICK RD, WHITES CREEK, TN, 37189
I 24 E & DICKERSON PKE RAMP, , TN, 37207
I24 E ENTRY & BRILEY PKWY S, NASHVILLE, TN, 37211
I24 E ENTRY & SHELBY AVE, NASHVILLE, TN, 37213
I24 E EXIT & HARDING PL, NASHVILLE, TN, 37211
I 24 E & HARPER RD, JOELTON, , 37080
I 24 E & LICKTON PIKE, WHITES CREEK, TN, 37189
I 24 E MM56, , TN,
I-24E MM56, , TN,
I24E, NASHVILLE, TN,
I 24 ENTRY E & HAYWOOD LN, NASHVILLE, TN, 37211
I 24 ENTRY E & SHELBY AVE, NASHVILLE, TN, 37213
I 24 ENTRY W & HAYWOOD LN, NASHVILLE, TN, 37211
I 24 ENTRY W & HERMITAGE AVE, NASHVILLE, TN, 37210
I 24 E & OLD FRANKLIN RD, ANTIOCH, , 37013
I24E, , TN,
I 24 EXIT E & MURFREESBORO PIKE, NASHVILLE, TN, 37210
I 24 EXIT W & MURFREESBORO PIKE, NASHVILLE, TN, 37217
I 24 RAMP EXIT E & SHELBY AVE, NASHVILLE, TN, 37213
I24W AND BELL RD, NASHVILLE, TN,
I24W AND HAYWOOD LN, NASHVILLE, TN,
I 24 W & BIDWELL RD, JOELTON, TN, 37080
I 24 W & CLAY LICK CT, WHITES CREEK, TN, 37189
I 24 W & CLAY LICK RD, WHITES CREEK, TN, 37189
I24 W ENTRY & BRILEY PKWY S, NASHVILLE, TN, 37211
I24 W ENTRY & I65 N ENTRY, NASHVILLE, TN, 37207
I24 W ENTRY & SHELBY AVE, NASHVILLE, TN, 37206
I24 W EXIT & HARDING PL, NASHVILLE, TN, 37211
I24 W EXIT & HAYWOOD LN, NASHVILLE, TN, 37211
I24 W EXIT & I440 E EXIT, NASHVILLE, TN, 37217
I24 W EXIT & JAMES ROBERTSON PKWY, NASHVILLE, TN, 37207
I24 W EXIT & S 4TH ST, NASHVILLE, TN, 37206
I 24 W & HARPER RD, JOELTON, , 37080
I24 W&I440 W ENT RAMP , , TN,
I24 W&I65 N RAMP , , TN,
I 24 W & LICKTON PIKE, WHITES CREEK, TN, 37189
I24W MM40, , TN,
I24W MM61, , TN,
I24W, NASHVILLE, TN,
I24W, NASHVILLE, TN, 37027
I24W, , TN,
I40 E 196MM, NASHVILLE, TN,
I40 E&28TH AV N , , TN,
I 40 EAST & MM205, , TN,
I40 E&BRILEY N ENT RAMP, , TN,
I 40 E ENT RAMP & STEWARTS FERRY, , TN,
I40 E ENTRY & 14TH AVE N, NASHVILLE, TN, 37203
I40 E ENTRY & 46TH AVE N, NASHVILLE, TN, 37209
I40 E ENTRY & DEMONBREUN ST, NASHVILLE, TN, 37203
I40 E ENTRY & DONELSON PIKE, NASHVILLE, TN, 37217
I40 E ENTRY & HERMITAGE AVE, NASHVILLE, TN, 37210
I40 E ENTRY & I65 N ENTRY, NASHVILLE, TN, 37208
I40 E ENTRY & JEFFERSON ST, NASHVILLE, TN, 37208
I40 E ENTRY & OLD HICKORY BLVD, HERMITAGE, TN, 37076
I40 E EXIT & 2ND AVE S, NASHVILLE, TN, 37210
I40 E EXIT & 51ST AVE N, NASHVILLE, TN, 37209
I40 E EXIT & BRILEY PKWY, NASHVILLE, TN, 37217
I40 E EXIT & BROADWAY, NASHVILLE, TN, 37203
I40 E EXIT RAMP / WHITE BRIDGE, , TN,
I 40 E & I 440 RAMP W, NASHVILLE, TN, 37209
I 40 E & I 440 RMP E, NASHVILLE, TN, 37208
I40 E MM 205/8, NASHVILLE, TN, 37209
I-40E MM213, NASHVILLE, TN,
I40 E MM221, , TN,
I 40 ENTRY E & ALABAMA AVE, NASHVILLE, TN, 37209
I 40 ENTRY E & DEMONBREUN ST, NASHVILLE, TN, 37203
I 40 ENTRY E & DONELSON PIKE, NASHVILLE, TN, 37217
I 40 ENTRY E & HERMITAGE AVE, NASHVILLE, TN, 37210
I 40 ENTRY E & MURFREESBORO EXIT, NASHVILLE, TN, 37217
I 40 ENTRY W & CENTRAL PIKE, HERMITAGE, TN, 37076
I 40 ENTRY W & HERMITAGE AVE, NASHVILLE, TN, 37210
I40E, , SJ,
I 40 E & WILSON LINE CORD, , TN, 37076
I 40 EXIT E & 51ST AVE N, NASHVILLE, TN, 37209
I 40 EXIT E & BRILEY PKWY N, NASHVILLE, TN, 37217
I 40 EXIT E & CENTRAL PIKE, HERMITAGE, TN, 37076
I 40 EXIT E & JEFFERSON ST, NASHVILLE, TN, 37208
I-40 EXIT RAMP, NASHVILLE, TN, 37208
I 40 EXITRA W & BRILEY PKWY, , TN, 37210
I 40 EXITRMP W & 2ND AVE, NASHVILLE, TN, 37210
I 40 EXITRMP W, CENTRAL, TN, 37210
I 40 EXIT W & 13TH AVE S, NASHVILLE, TN, 37203
I 40 RAMP W & I 440 E, NASHVILLE, TN, 37209
I 40 RMP E & I 440 W, NASHVILLE, TN, 37209
I40 W 192MM, NASHVILLE, TN,
I40 W  205MM, NASHVILLE, TN,
I40 W&28TH AV N , , TN,
I 40 W & BRILEY PKWY ENTRY N, NASHVILLE, TN, 37209
I 40 W & BRILEY PKWY N ENT RAMP, , TN, 37209
I 40 W & BRILEY S ENT RAMP, , TN, 37210
I40 W ENT RAMP / ROBERTSON AV, , TN,
I40 W ENTRY & HERMITAGE AVE, NASHVILLE, TN, 37210
I 40 W. EXIT RAMP, NASHVILLE, TN, 37203
I-40 W EXIT RAMP, NASHVILLE, TN, 37203
I-40 W. EXIT RAMP, NASHVILLE, TN, 37203
I40 W EXIT RAMP, NASHVILLE, TN, 37203
I 40 W & EXT W, HERMITAGE, , 37076
I 40 W & HERMITAGE AVENUE EXIT RAMP, NASHVILLE, TN, 37210
I 40 W & I 440 RMP E, NASHVILLE, TN, 37208
I 40 W MM216, , TN,
I 40 W & WILSON LINE CORD, , TN, 37076
I 440 E & BRIGHTWOOD AVE, NASHVILLE, TN, 37215
I440 E ENTRY & NOLENSVILLE PIKE, NASHVILLE, TN, 37210
I440 E EXIT & HILLSBORO PIKE, NASHVILLE, TN, 37215
I440 E EXIT & I440 E EXIT, NASHVILLE, TN, 37204
I 440 E & GLENROSE AVE, , TN, 37210
I 440 E & GRANNY WHITE PIKE, NASHVILLE, TN, 37204
I 440 E & LEALAND LN, NASHVILLE, TN, 37204
I 440 ENTRY & THOMPSON LN, NASHVILLE, TN, 37204
I 440 ENTRY W & HILLSBORO PIKE, NASHVILLE, TN, 37212
I 440 E & SHARONDALE DR, NASHVILLE, TN, 37205
I 440 E & SHARONDALE DR, NASHVILLE, TN, 37215
I440E, , TN,
I 440 EXITRA W, WOODBINE, TN, 37210
I 440 EXIT W & 21ST AVE S, , TN, 37212
I 440 EXIT  W, BELMONT, TN, 37212
I 440 EXIT W & HILLSBORO PIKE, NASHVILLE, TN, 37212
I 440 RAMP & HILLSBORO PIKE, , TN, 37215
I 440 RAMP W & I 40 E, NASHVILLE, TN, 37209
I 440 RMP E & I 40 E, NASHVILLE, TN, 37208
I 440 RMP E & I 40 W, NASHVILLE, TN, 37208
I 440 W & BRIGHTWOOD AVE, NASHVILLE, TN, 37212
I440 W ENTRY & I440 W ENTRY, NASHVILLE, TN, 37210
I440 W ENTRY & I440 W ENTRY, NASHVILLE, TN, 37217
I440 W EXIT & HILLSBORO PIKE, NASHVILLE, TN, 37212
I440 W EXIT & NOLENSVILLE PIKE, NASHVILLE, TN, 37210
I 440 W & GRANNY WHITE PIKE, NASHVILLE, TN, 37204
I 440 W & GRANNY WHITE PIKE, NASHVILLE, TN, 37212
I 440 W & I 40 RMP E, NASHVILLE, , 37209
 I440W, NASHVILLE, TN,
I440W, NASHVILLE, TN, 37211
I 440 W & SHARONDALE DR, NASHVILLE, TN, 37212
I440W, , TN,
I440 W TO I40 W RAMP / I40 W, , TN,
I 440 W & WINFORD AVE, , TN, 37211
I 440 W & WOODLAWN DR, NASHVILLE, TN, 37212
I46TH AVE., NASHVILLE, TN,
I 65 ENTRY N & ARMORY DR, NASHVILLE, TN, 37204
I 65 ENTRY N & ELLINGTON PKWY, MADISON, TN, 37115
I 65 ENTRY S & 8TH AVE S, NASHVILLE, TN, 37203
I 65 ENTRY S & DICKERSON PKE RAMP, MADISON, TN, 37115
I 65 ENTRY S & ROSA L PARKS BLVD, NASHVILLE, TN, 37208
I 65 ENTRY S & WEDGEWOOD AVE, NASHVILLE, TN, 37204
I 65 ENTRY S & W TRINITY LN, NASHVILLE, TN, 37207
I 65 EXIT N & ARMORY DR, NASHVILLE, TN, 37204
I 65 EXIT N & DICKERSON PIKE, NASHVILLE, TN, 37207
I 65 N & BRILEY PKWY EXIT W, MADISON, TN, 37115
I 65 N & CRAIGHEAD ST, NASHVILLE, TN, 37204
I65 N ENTRY & BRILEY PKWY E, NASHVILLE, TN, 37216
I65 N ENTRY & I24 W ENTRY, NASHVILLE, TN, 37207
I65 N ENTRY & OLD HICKORY BLVD, BRENTWOOD, TN, 37027
I65 N ENTRY & RIVERGATE PKWY, GOODLETTSVILLE, TN, 37072
I65 N ENTRY & W TRINITY LN, NASHVILLE, TN, 37207
I65 N EXIT & HARDING PL, NASHVILLE, TN, 37220
I65 N EXIT & ROSA L PARKS BLVD, NASHVILLE, TN, 37208
I65 N EXIT & WEDGEWOOD AVE, NASHVILLE, TN, 37203
I 65 N & EXT N, GOODLETTSVILLE, TN, 37072
I 65 N   MILEPOST 79, NASHVILLE, TN, 37211
I 65NN, , TN,
I65 N RAMP&I24 W, , TN,
I65 N&W TRININTY, , TN,
I65 N&W TRINITY LA , , TN,
I 65 RAMP EXIT N & W TRINITY LN, NASHVILLE, TN, 37207
I 65 S & CUNNIFF PKWY, MADISON, TN, 37115
I65 S ENT RAMP&DICKERSON PKE , , TN,
I65 S ENTRY & I40 W ENTRY, NASHVILLE, TN, 37203
I65 S ENTRY & I440 E ENTRY, NASHVILLE, TN, 37204
I65 S EXIT & BRILEY PKWY W, MADISON, TN, 37115
I 65 S & EXT S, GOODLETTSVILLE, TN, 37072
I 65 S & HARDING PLACE RAMP, , TN, 37220
I65 S&I24 W , NASHVILLE, TN,
I 65 S & I 40 RMP W, NASHVILLE, TN, 37208
I65 S&I440 RAMP , , TN,
I65 S MM85, , TN,
I65 S&W TRINITY LA , , TN,
I65 S&W TRINITY LA, , TN,
I65S&W TRINITY LA , , TN,
IMAN ST&DR D B TODD JR BLVD , , TN,
INTERSTATE 65 N MM78, , TN,
IST, NASHVILLE, TN,
JACKSONIAN DR & PLANTATION DR, HERMITAGE, TN, 37076
JACKSON ST & ROSA L PARKS BLVD, NASHVILLE, TN, 37208
JAMES AVE & MORROW RD, NASHVILLE, TN, 37209
JESS NEELY DR & NATCHEZ TRACE RAMP, , TN, 37212
J P HENNESSY DR & CORPORATE PL, ANTIOCH, TN, 37013
KATE ST & STHY 45, MADISON, , 37115
KATE ST & STHY 45, MADISON, TN, 37115
KEELEY DR, TUSCULUM, TN, 37211
KELLOW ST & MIDDLE ST, , , 37208
KENNER AVE N & WHITE BRIDGE CNCTR, NASHVILLE, TN, 37205
KINGS LA & TIMOTHY DR, NASHVILLE, TN, 37218
KINSEY BLVD & WARD RD, MADISON, TN, 37115
KIRKMAN LN & LEALAND LN, NASHVILLE, TN, 37220
KIRKWOOD RD & OVERHILL DR, NASHVILLE, TN, 37215
KNIGHTS OF COLONEL BLVD & MCGAVOCK PIKE, NASHVILLE, TN, 37217
KOREAN VETERANS BLVD, CENTRAL, TN, 37201
LADY NASHVILLE DR & LEBANON PIKE, OLD HICKORY, TN, 37138
LAWRENCE CT & OLD HICKORY BLVD, , TN, 37138
LEALAND LA & WOODMONT BLVD, NASHVILLE, TN, 37204
LEBANON PIKE & SPENCE LA, , TN, 37210
LEBANON PIKE & WILSON LINE CORD, OLD HICKORY, TN, 37138
LEBA, , TN,
LINCOLN PR & OLD HICKORY BLVD W, MADISON, TN, 37115
LOCKLAYER ST, CENTRAL, TN, 37208
LOCUST ST & QUALITY WAY, NASHVILLE, TN, 37207
LONG / ACKLEN PARK, , TN,
MANSFIELD DOUGLAS III HWY, , TN,
MARKET SQ & STROMBURY DR, HERMITAGE, TN, 37076
MARLIN PASS & NEELYS BEND CIR, MADISON, TN, 37115
MCARTHUR DR & STHY 45, MADISON, , 37115
MCARTHUR DR & STHY 45, MADISON, TN, 37115
MCCLAIN AVE & NOLENSVILLE PIKE, NASHVILLE, TN, 37211
MCCOMBS AVE & RADNOR ST, NASHVILLE, TN, 37211
MCCOMBS AVE & SUNRISE AVE, NASHVILLE, TN, 37211
MCCOMBS AVE & THUSS AVE, NASHVILLE, TN, 37211
MCCRORY LANE & RIVERWALK DRIVE, , TN,
MCCRORY LA & POPLAR CREEK RD, NASHVILLE, TN, 37221
MCGAVOCK PKE AND RIDGELAND DR, NASHVILLE, TN,
MCLEMORE ST & ROSA L PARKS BLVD, NASHVILLE, TN, 37203
MCMILLAN ST & STATE ST, , TN, 37203
MCMURRAY CT & WOODETT DR, , TN, 37211
MELROSE AVE & NOLENSVILLE PIKE, NASHVILLE, , 37211
MELROSE AVE & NOLENSVILLE PIKE, NASHVILLE, TN, 37210
MM 0 2 I440 W, NASHVILLE, TN, 37209
MM 0 4 I440 E, NASHVILLE, TN, 37209
MM 0 4 I 440 W, NASHVILLE, TN, 37209
MM 0 4 I440 W, NASHVILLE, TN, 37209
MM 0 6 I440 E, NASHVILLE, TN, 37209
MM 0 6 I440 W, NASHVILLE, TN, 37209
MM 0 8 I440 E, NASHVILLE, TN, 37205
MM 0 8 I440 W, NASHVILLE, TN, 37203
MM 10 BRILEY S, , TN, 37214
MM 1 0 I440 E, NASHVILLE, TN, 37205
MM 1 0 I440 W, NASHVILLE, TN, 37203
MM 11 6 BRILEY S, NASHVILLE, TN, 37214
MM 11 BRILEY N, NASHVILLE, TN, 37214
MM 11 BRILEY S, NASHVILLE, , 37214
MM 12 BRILEY N, NASHVILLE, , 37214
MM 12 BRILEY N, NASHVILLE, TN, 37214
MM 1 2 I440 E, NASHVILLE, TN, 37205
MM 1 2 I440 W, NASHVILLE, TN, 37203
MM 13 2 BRILEY E, NASHVILLE, TN, 37214
MM 13 6 BRILEY E, NASHVILLE, TN, 37214
MM 13 BRILEY N, , , 37214
MM13, , TN,
MM 14 BRILEY E, MADISON, TN, 37115
MM 14 BRILEY E, NASHVILLE, TN, 37216
MM 14 BRILEY W, MADISON, TN, 37115
MM 1 4 I440 E, NASHVILLE, TN, 37205
MM 1 4 I440 W, NASHVILLE, TN, 37203
MM 15 4 BRILEY W, MADISON, TN, 37115
MM 15 BRILEY E, NASHVILLE, TN, 37216
MM 15 BRILEY W, MADISON, TN, 37115
MM 15 BRILEY W, NASHVILLE, TN, 37216
MM 16 6 BRILEY W, NASHVILLE, TN, 37207
MM 16 BRILEY E, , TN, 37216
MM 16 BRILEY W, MADISON, TN, 37115
MM 1 6 I440 E, NASHVILLE, TN, 37205
MM 1 6 I440 W, NASHVILLE, TN, 37212
MM 17 6 BRILEY W, NASHVILLE, TN, 37207
MM 17 BRILEY E, NASHVILLE, TN, 37207
MM 17 BRILEY W, NASHVILLE, TN, 37207
MM 18 2 BRILEY E, NASHVILLE, TN, 37207
MM 18 6 BRILEY E, NASHVILLE, TN, 37207
MM 18 6 BRILEY W, WHITES CREEK, TN, 37189
MM 18 BRILEY E, NASHVILLE, TN, 37207
MM 18 BRILEY W, NASHVILLE, , 37207
MM 18 BRILEY W, WHITES CREEK, TN, 37189
MM 1 8 I440 E, NASHVILLE, TN, 37205
MM 1 8 I440 W, NASHVILLE, TN, 37212
MM 192 0 I40 W, NASHVILLE, TN, 37221
MM 192 4 I40 W, NASHVILLE, TN, 37221
MM 19 2 BRILEY E, NASHVILLE, TN, 37207
MM 192 I40 E, NASHVILLE, , 37221
MM 192 I40 E, NASHVILLE, TN, 37221
MM 192 I40 W, NASHVILLE, , 37221
MM 192 I 40 W, NASHVILLE, TN, 37221
MM 192 I40 W, NASHVILLE, TN, 37221
MM192 I40 W, , TN,
MM192, , TN,
MM 193 0 I40 W, NASHVILLE, TN, 37221
MM 193 2 I40 W, NASHVILLE, TN, 37221
MM 193 4 I40 E, NASHVILLE, TN, 37221
MM 193 4 I40 W, NASHVILLE, TN, 37221
MM 193 6 I40 E, NASHVILLE, TN, 37221
MM 193 I40 E, NASHVILLE, TN, 37221
MM 193 I40 W, NASHVILLE, TN, 37221
MM 194 0 I40 W, NASHVILLE, TN, 37221
MM 194 2 I40 E, NASHVILLE, TN, 37221
MM 194 4 I40 E, NASHVILLE, TN, 37221
MM 194 4 I40 W, NASHVILLE, TN, 37221
MM 19 4 BRILEY E, NASHVILLE, TN, 37207
MM 194 I40 E, NASHVILLE, , 37221
MM 194 I 40 E, NASHVILLE, TN, 37221
MM 194 I40 E, NASHVILLE, TN, 37221
MM 194 I40 W, NASHVILLE, , 37221
MM 194 I40 W, NASHVILLE, TN, 37221
MM 195 2 I40 E, NASHVILLE, TN, 37221
MM 195 2 I40 W, NASHVILLE, TN, 37221
MM 195 4 I40 E, NASHVILLE, TN, 37221
MM 195 4 I40 W, NASHVILLE, TN, 37221
MM 195 6 I40 W, NASHVILLE, TN, 37221
MM 195 I40 E, NASHVILLE, , 37221
MM 195 I40 E, NASHVILLE, TN, 37221
MM 195 I40 W, NASHVILLE, TN, 37221
MM 196 0 I40 E, NASHVILLE, TN, 37221
MM 19 6 BRILEY E, NASHVILLE, TN, 37207
MM 196I40 E, NASHVILLE, TN,
MM 196 I40 W, NASHVILLE, TN, 37203
MM 197 0 I40 W, NASHVILLE, TN, 37221
MM 197 2 I40 E, NASHVILLE, TN, 37221
MM 197 2 I40 W, NASHVILLE, TN, 37221
MM 197 4 I40 E, NASHVILLE, TN, 37221
MM 197 4 I40 W, NASHVILLE, TN, 37221
MM 197 6 I40 E, NASHVILLE, TN, 37221
MM 197 8 I40 E, NASHVILLE, TN, 37221
MM 197 I 40 E, NASHVILLE, TN, 37221
MM 197 I40 E, NASHVILLE, TN, 37221
MM 197 I40 W, NASHVILLE, TN, 37221
MM 198 0 I 40 E, NASHVILLE, TN, 37221
MM 198 0 I40 E, NASHVILLE, TN, 37221
MM 198 2 I40 W, NASHVILLE, TN, 37221
MM 198 4 I40 E, NASHVILLE, TN, 37221
MM 198 4 I40 W, NASHVILLE, TN, 37221
MM 198 8 I40 E, NASHVILLE, TN, 37221
MM 19 8 BRILEY E, NASHVILLE, TN, 37207
MM 198 I40 E, NASHVILLE, , 37221
MM 198 I40 E, NASHVILLE, TN, 37221
MM 198 I40 W, NASHVILLE, TN, 37221
MM 199 0 I40 E, NASHVILLE, TN, 37221
MM 199 0 I40 W, NASHVILLE, TN, 37221
MM 199 2 I40 W, NASHVILLE, TN, 37221
MM 199 4 I40 E, NASHVILLE, TN, 37205
MM 199 6 I40 W, NASHVILLE, TN, 37209
MM 199 8 I40 E, NASHVILLE, TN, 37205
MM 199 8 I40 W, NASHVILLE, TN, 37209
MM 199 I40 E, NASHVILLE, , 37209
MM 199 I 40 E, NASHVILLE, TN, 37209
MM 199 I40 E, NASHVILLE, TN, 37209
MM 199 I40 E, NASHVILLE, TN, 37221
MM 199 I40 W, NASHVILLE, , 37209
MM 199 I40 W, NASHVILLE, TN, 37209
MM 199 I40 W, NASHVILLE, TN, 37221
MM 19 BRILEY E, NASHVILLE, TN, 37207
MM 19 BRILEY W, NASHVILLE, TN, 37207
MM 19 BRILEY W, WHITES CREEK, TN, 37189
MM19, NASHVILLE, TN, 37218
MM 1 I440 E, NASHVILLE, TN, 37205
MM 1 I440 W, NASHVILLE, TN, 37203
MM 200 0 I40 E, NASHVILLE, TN, 37205
MM 200 2 I40 W, NASHVILLE, TN, 37209
MM 200 4 I40 E, NASHVILLE, TN, 37205
MM 200 6 I40 E, NASHVILLE, TN, 37205
MM 200 8 I40 E, NASHVILLE, TN, 37205
MM 200 8 I40 W, NASHVILLE, TN, 37209
MM 200 I40 E, NASHVILLE, , 37205
MM 200 I40 E, NASHVILLE, TN, 37205
MM 200 I40 W, NASHVILLE, TN, 37205
MM 200 I40 W, NASHVILLE, TN, 37209
MM200, , TN,
MM 201 0 I40 W, NASHVILLE, TN, 37209
MM 201 2 I40 E, NASHVILLE, TN, 37209
MM 201 2 I40 W, NASHVILLE, TN, 37209
MM 201 4 I40 E, NASHVILLE, TN, 37209
MM 201 4 I40 W, NASHVILLE, TN, 37209
MM 201 6 I40 E, NASHVILLE, TN, 37209
MM 201 6 I40 W, NASHVILLE, TN, 37209
MM 201 8 I40 E, NASHVILLE, TN, 37209
MM 201 8 I40 W, NASHVILLE, TN, 37209
MM 201 I40 E, NASHVILLE, , 37205
MM 201 I40 E, NASHVILLE, TN, 37205
MM201 I40 W, NASHVILLE, TN,
MM 201 I 40 W, NASHVILLE, TN, 37205
MM 201 I40 W, NASHVILLE, TN, 37205
MM 201 I40 W, NASHVILLE, TN, 37209
MM 202 0 I40 E, NASHVILLE, TN, 37209
MM 202 0 I40 W, NASHVILLE, TN, 37209
MM 202 2 I40 E, NASHVILLE, TN, 37209
MM 202 2 I40 W, NASHVILLE, TN, 37209
MM 202 4 I40 E, NASHVILLE, TN, 37209
MM 202 4 I40 W, NASHVILLE, TN, 37209
MM 202 6 I40 E, NASHVILLE, TN, 37209
MM 202 6 I40 W, NASHVILLE, TN, 37209
MM 202 8 I40 W, NASHVILLE, TN, 37209
MM 202 I40 E, NASHVILLE, , 37209
MM 202 I40 E, NASHVILLE, TN, 37209
MM202 I40 E, , TN,
MM 202 I40 W, NASHVILLE, TN, 37209
MM 203 0 I40 E, NASHVILLE, TN, 37209
MM 203 2 I40 W, NASHVILLE, TN, 37209
MM 203 4 I40 E, NASHVILLE, TN, 37209
MM 203 4 I40 W, NASHVILLE, TN, 37209
MM 203 6 I40 W, NASHVILLE, TN, 37209
MM 203 8 I40 E, NASHVILLE, TN, 37209
MM 203 I40 E, NASHVILLE, , 37209
MM 203 I40 E, NASHVILLE, TN, 37209
MM 203 I40 W, NASHVILLE, TN, 37209
MM 204 0 I40 E, NASHVILLE, TN, 37209
MM 204 0 I40 W, NASHVILLE, TN, 37209
MM 204 2 I40 E, NASHVILLE, TN, 37209
MM 204 2 I40 W, NASHVILLE, TN, 37209
MM 204 4 I40 E, NASHVILLE, TN, 37209
MM 204 4 I40 W, NASHVILLE, TN, 37209
MM 204 6 I40 E, NASHVILLE, TN, 37209
MM 204 6 I40 W, NASHVILLE, TN, 37209
MM 204 8 I40 E, NASHVILLE, TN, 37209
MM 204 8 I40 W, NASHVILLE, TN, 37209
MM 204 I40 E, NASHVILLE, , 37209
MM 204 I 40 E, NASHVILLE, TN, 37209
MM 204 I40 E, NASHVILLE, TN, 37209
MM 204 I40 W, NASHVILLE, TN, 37209
MM 205 0 I40 E, NASHVILLE, TN, 37209
MM 205 0 I40 W, NASHVILLE, TN, 37209
MM 205 2 I40 E, NASHVILLE, TN, 37209
MM 205 2 I40 W, NASHVILLE, TN, 37209
MM 205 4 I40 E, NASHVILLE, TN, 37209
MM 205 4 I40 W, NASHVILLE, TN, 37209
MM 205 6 I40 E, NASHVILLE, TN, 37209
MM 205 6 I40 W, NASHVILLE, TN, 37209
MM 205 8 I40 E, NASHVILLE, TN, 37209
MM 205 8 I40 W, NASHVILLE, TN, 37209
MM 205 I40 E, NASHVILLE, , 37209
MM 205 I40 E, NASHVILLE, TN, 37209
MM 205 I 40 W, NASHVILLE, TN, 37209
MM 205 I40 W, NASHVILLE, TN, 37209
MM 206 0 I40 E, NASHVILLE, TN, 37209
MM 206 0 I40 W, NASHVILLE, TN, 37209
MM 206 2 I40 E, NASHVILLE, TN, 37209
MM 206 2 I40 W, NASHVILLE, TN, 37209
MM 206 4 I40 W, NASHVILLE, TN, 37208
MM 206 6 I40 E, NASHVILLE, TN, 37208
MM 206 6 I40 W, NASHVILLE, TN, 37208
MM 206 8 I40 E, NASHVILLE, TN, 37208
MM 206 8 I40 W, NASHVILLE, TN, 37208
MM 20 6 BRILEY E, NASHVILLE, TN, 37218
MM 206 I40 E, NASHVILLE, TN, 37209
MM 206 I40 W, NASHVILLE, TN, 37208
MM 206 I40 W, NASHVILLE, TN, 37209
MM 207 0 I40 E, NASHVILLE, TN, 37208
MM 207 0 I40 W, NASHVILLE, TN, 37208
MM 207 2 I40 E, NASHVILLE, TN, 37208
MM 207 4 I40 W, NASHVILLE, TN, 37208
MM 207 6 I40 W, NASHVILLE, TN, 37208
MM 207 I40 E, NASHVILLE, TN, 37208
MM207 I40 E, , TN,
MM 207 I40 W, NASHVILLE, , 37208
MM 207 I40 W, NASHVILLE, TN, 37208
MM 208 0 I40 E, NASHVILLE, TN, 37208
MM 208 0 I40 W, NASHVILLE, TN, 37208
MM 208 2 I40 E, NASHVILLE, TN, 37203
MM 208 2 I40 W, NASHVILLE, TN, 37203
MM 208 4 I40 E, NASHVILLE, TN, 37203
MM 208 4 I40 W, NASHVILLE, TN, 37203
MM 208 6 I40 E, NASHVILLE, TN, 37203
MM 208 6 I40 W, NASHVILLE, TN, 37203
MM 208 8 I40 E, NASHVILLE, TN, 37203
MM 208 8 I40 W, NASHVILLE, TN, 37203
MM 208 I40 E, NASHVILLE, , 37208
MM 208 I40 E, NASHVILLE, TN, 37208
MM 208 I40 W, NASHVILLE, TN, 37203
MM 208 I40 W, NASHVILLE, TN, 37208
MM 209 2 I40 E, NASHVILLE, TN, 37203
MM 209 4 I40 E, NASHVILLE, TN, 37203
MM 209 4 I40 W, NASHVILLE, TN, 37203
MM 209 6 I40 E, NASHVILLE, TN, 37203
MM 209 8 I40 E, NASHVILLE, TN, 37203
MM 209 8 I40 W, NASHVILLE, TN, 37203
MM 209 I40 E, NASHVILLE, TN, 37203
MM 209 I40 W, NASHVILLE, , 37203
MM 209 I40 W, NASHVILLE, TN, 37203
MM 20 BRILEY E, NASHVILLE, TN, 37207
MM 20 BRILEY W, NASHVILLE, TN, 37207
MM 2 0 I440 E, NASHVILLE, TN, 37205
MM 2 0 I440 W, NASHVILLE, TN, 37212
MM 210 0 I40 E, NASHVILLE, TN, 37203
MM 210 0 I40 W, NASHVILLE, TN, 37203
MM 210 4 I40 W, NASHVILLE, TN, 37210
MM 210 6 I40 E, NASHVILLE, TN, 37210
MM 210 6 I40 W, NASHVILLE, TN, 37210
MM 210 8 I40 E, NASHVILLE, TN, 37210
MM 210 8 I40 W, NASHVILLE, TN, 37210
MM 210 I40 E, NASHVILLE, TN, 37203
MM 210 I40 W, NASHVILLE, TN, 37203
MM 211 0 I40 E, NASHVILLE, TN, 37210
MM 211 4 I40 E, NASHVILLE, TN, 37210
MM 211 4 I40 W, NASHVILLE, TN, 37210
MM 211 6 I40 E, NASHVILLE, TN, 37210
MM 211 6 I40 W, NASHVILLE, TN, 37210
MM 211 8 I40 E, NASHVILLE, TN, 37210
MM 211 8 I40 W, NASHVILLE, TN, 37210
MM 211 I40 E, NASHVILLE, TN, 37210
MM 211 I40 W, NASHVILLE, TN, 37210
MM 212/0 I24E, , TN,
MM 212 0 I40 E, NASHVILLE, TN, 37210
MM 212 0 I40 W, NASHVILLE, TN, 37210
MM 212 2 I40 E, NASHVILLE, TN, 37210
MM 212 4 I40 E, NASHVILLE, TN, 37210
MM 212 4 I40 W, NASHVILLE, TN, 37210
MM 212 8 I40 E, NASHVILLE, TN, 37210
MM 212 8 I40 W, NASHVILLE, TN, 37210
MM 212 I 40 E, NASHVILLE, TN, 37210
MM 212 I40 E, NASHVILLE, TN, 37210
MM 212 I40 W, NASHVILLE, , 37210
MM 212 I40 W, NASHVILLE, TN, 37210
MM 213 4 I40 W, NASHVILLE, TN, 37210
MM 213 6 I40 E, NASHVILLE, TN, 37217
MM 213 6 I40 W, NASHVILLE, TN, 37210
MM 213 8 I40 E, NASHVILLE, TN, 37217
MM 213 8 I40 W, NASHVILLE, TN, 37210
MM 213 I40 E, NASHVILLE, TN, 37217
MM 213 I40 W, NASHVILLE, TN, 37210
MM 214 0 I40 E, NASHVILLE, TN, 37217
MM 214 0 I40 W, NASHVILLE, TN, 37210
MM 214 2 I40 E, NASHVILLE, TN, 37217
MM 214 2 I40 W, NASHVILLE, TN, 37210
MM 214 4 I40 E, NASHVILLE, TN, 37217
MM 214 4 I40 W, NASHVILLE, TN, 37210
MM 214 6 I40 E, NASHVILLE, TN, 37217
MM 214 6 I40 W, NASHVILLE, TN, 37210
MM 214 8 I40 E, NASHVILLE, TN, 37217
MM 214 8 I40 W, NASHVILLE, TN, 37214
MM 214 I40 E, NASHVILLE, TN, 37210
MM 214 I40 E, NASHVILLE, TN, 37217
MM 214 I40 W, NASHVILLE, TN, 37210
MM 215 0 I40 E, NASHVILLE, TN, 37217
MM 215 0 I40 W, NASHVILLE, TN, 37214
MM 215 2 I40 E, NASHVILLE, TN, 37217
MM 215 2 I40 W, NASHVILLE, TN, 37214
MM 215 4 I40 E, NASHVILLE, TN, 37217
MM 215 4 I40 W, NASHVILLE, TN, 37214
MM 215 6 I40 E, NASHVILLE, TN, 37217
MM 215 6 I40 W, NASHVILLE, TN, 37214
MM 215 8 I40 E, NASHVILLE, TN, 37217
MM 215 8 I40 W, NASHVILLE, TN, 37214
MM 215 I40 E, NASHVILLE, TN, 37214
MM 215 I40 E, NASHVILLE, TN, 37217
MM 215 I 40 W, NASHVILLE, TN, 37210
MM 215 I40 W, NASHVILLE, TN, 37214
MM 216 0 I40 E, NASHVILLE, TN, 37217
MM 216 0 I40 W, NASHVILLE, TN, 37214
MM 216 2 I40 E, NASHVILLE, TN, 37217
MM 216 2 I40 W, NASHVILLE, TN, 37214
MM 216 4 I40 E, NASHVILLE, TN, 37217
MM 216 4 I40 W, NASHVILLE, TN, 37214
MM 216 6 I40 E, NASHVILLE, TN, 37214
MM 216 6 I40 W, NASHVILLE, TN, 37214
MM 216 8 I40 E, NASHVILLE, TN, 37214
MM 216 8 I40 W, NASHVILLE, TN, 37214
MM 216 I40 E, NASHVILLE, TN, 37217
MM 216 I40 W, NASHVILLE, TN, 37214
MM 217 2 I40 E, NASHVILLE, TN, 37214
MM 217 2 I40 W, NASHVILLE, TN, 37214
MM 217 4 I40 E, NASHVILLE, TN, 37214
MM 217 4 I40 W, NASHVILLE, TN, 37214
MM 217 6 I40 W, NASHVILLE, TN, 37214
MM 217 8 I40 E, NASHVILLE, TN, 37214
MM 217 8 I40 W, NASHVILLE, TN, 37214
MM 217 I40 E, NASHVILLE, , 37214
MM 217 I40 E, NASHVILLE, TN, 37214
MM 217 I40 W, NASHVILLE, TN, 37214
MM 218 0 I40 E, NASHVILLE, TN, 37214
MM 218 0 I40 W, NASHVILLE, TN, 37214
MM 218 2 I40 E, NASHVILLE, TN, 37214
MM 218 2 I40 W, NASHVILLE, TN, 37214
MM 218 4 I40 E, NASHVILLE, TN, 37214
MM 218 4 I40 W, NASHVILLE, TN, 37214
MM 218 6 I40 E, NASHVILLE, TN, 37214
MM 218 6 I40 W, NASHVILLE, TN, 37214
MM 218 8 I40 E, NASHVILLE, TN, 37214
MM 218 8 I40 W, NASHVILLE, TN, 37214
MM 218 I40 E, NASHVILLE, TN, 37214
MM 218 I40 W, NASHVILLE, TN, 37214
MM 219 0 I40 E, NASHVILLE, TN, 37214
MM 219 2 I40 E, NASHVILLE, TN, 37214
MM 219 2 I40 W, NASHVILLE, TN, 37214
MM 219 4 I40 E, NASHVILLE, TN, 37214
MM 219 4 I40 W, NASHVILLE, TN, 37214
MM 219 8 I40 E, HERMITAGE, TN, 37076
MM 219 I40 E, NASHVILLE, , 37214
MM 219 I40 E, NASHVILLE, TN, 37214
MM 219 I40 W, NASHVILLE, TN, 37214
MM 220 2 I40 E, HERMITAGE, TN, 37076
MM 220 2 I40 W, HERMITAGE, TN, 37076
MM 220 4 I40 W, HERMITAGE, TN, 37076
MM 220 8 I40 E, HERMITAGE, TN, 37076
MM 220 I40 E, HERMITAGE, TN, 37076
MM 220 I40 W, HERMITAGE, TN, 37076
MM 221 0 I40 E, HERMITAGE, TN, 37076
MM 221 2 I40 E, HERMITAGE, TN, 37076
MM 221 4 I40 E, HERMITAGE, TN, 37076
MM 221 4 I40 W, HERMITAGE, TN, 37076
MM221 I 40 EAST, HERMITAGE, TN,
MM 221 I40 E, HERMITAGE, TN, 37076
MM 221 I40 W, HERMITAGE, TN, 37076
MM 222/0&I40E, NASH, TN,
MM 222 2 I40 E, HERMITAGE, TN, 37076
MM 222 2 I40 W, HERMITAGE, TN, 37076
MM 222 I40 E, HERMITAGE, TN, 37076
MM 22 BRILEY E, , TN, 37218
MM 22 BRILEY W, NASHVILLE, TN, 37218
MM 2 2 I440 E, NASHVILLE, TN, 37215
MM 2 2 I440 W, NASHVILLE, TN, 37212
MM 23 BRILEY E, , TN, 37218
MM 24 8 BRILEY S, NASHVILLE, TN, 37218
MM 2 4 I440 E, NASHVILLE, TN, 37215
MM 25 BRILEY E, NASHVILLE, TN, 37218
MM 2 6 I440 E, NASHVILLE, TN, 37215
MM 2 6 I440 W, NASHVILLE, TN, 37212
MM 2 8 I440 E, NASHVILLE, TN, 37215
MM 2 8 I440 W, NASHVILLE, TN, 37212
MM 2 I440 E, NASHVILLE, , 37205
MM 2 I440 E, NASHVILLE, TN, 37215
MM 2 I440 W, NASHVILLE, TN, 37205
MM 2 I440 W, NASHVILLE, TN, 37212
MM 2 I440 W, NASHVILLE, TN, 37215
MM 32 2 I24 W, JOELTON, TN, 37080
MM 32 6 I24 E, JOELTON, TN, 37080
MM 32 8 I24 E, JOELTON, TN, 37080
MM 32 I24 E, JOELTON, TN, 37080
MM 33 4 I24 E, JOELTON, TN, 37080
MM 33 8 I24 E, JOELTON, TN, 37080
MM 33 I24 E, JOELTON, TN, 37080
MM 33 I24 W, JOELTON, TN, 37080
MM 34 2 I24 E, JOELTON, TN, 37080
MM 34 2 I24 W, JOELTON, TN, 37080
MM 34 6 I24 W, JOELTON, TN, 37080
MM 34 I24 E, JOELTON, TN, 37080
MM 34 I24 W, JOELTON, TN, 37080
MM 35 2 I24 E, JOELTON, TN, 37080
MM 35 2 I24 W, JOELTON, TN, 37080
MM 35 4 I24 E, JOELTON, TN, 37080
MM 35 I24 E, JOELTON, , 37080
MM 35 I24 E, JOELTON, TN, 37080
MM 35 I24 W, JOELTON, TN, 37080
MM 36 I24 E, JOELTON, TN, 37080
MM 38 I24 E, JOELTON, TN, 37080
MM 3/8 I440E, , TN,
MM 39 I24 E, JOELTON, TN, 37080
MM 3 I440E, , TN,
MM 3 I440W, , TN,
MM 40 I24W, NASHVILLE, TN,
MM 4 0 I440 E, NASHVILLE, TN, 37204
MM 4 0 I440 W, NASHVILLE, TN, 37204
MM 41 I24 W, NASHVILLE, , 37207
MM 42 6 I24 W, NASHVILLE, TN, 37207
MM 42 I24 W, NASHVILLE, TN, 37207
MM 4 2 I440 E, NASHVILLE, TN, 37204
MM 4 2 I440 W, NASHVILLE, TN, 37204
MM 43 0 I24 W, NASHVILLE, TN, 37207
MM 43 4 I24 W, NASHVILLE, TN, 37207
MM 43 6 I24 E, NASHVILLE, TN, 37207
MM 43 6 I24 W, NASHVILLE, TN, 37207
MM 43 I24 E, NASHVILLE, TN, 37207
MM 43 I24 W, NASHVILLE, TN, 37207
MM 44 0 I24 W, NASHVILLE, TN, 37207
MM 44 2 I24 E, NASHVILLE, TN, 37207
MM 44 2 I24 W, NASHVILLE, TN, 37207
MM 44 4 I24 W, NASHVILLE, TN, 37207
MM 44 I24 E, NASHVILLE, TN, 37207
MM 44 I24 W, NASHVILLE, , 37207
MM 44 I24 W, NASHVILLE, TN, 37207
MM 4 4 I440 E, NASHVILLE, TN, 37204
MM 4 4 I440 W, NASHVILLE, TN, 37204
MM 46 8 I24 E, NASHVILLE, TN, 37207
MM 4 6 I440 E, NASHVILLE, TN, 37204
MM 4 6 I440 W, NASHVILLE, TN, 37204
MM 47 0 I 24 E, NASHVILLE, TN, 37207
MM 47 0 I24 E, NASHVILLE, TN, 37207
MM 47 0 I24 W, NASHVILLE, TN, 37207
MM 47 4 I24 E, NASHVILLE, TN, 37207
MM 47 4 I24 W, NASHVILLE, TN, 37207
MM 47 6 I24 E, NASHVILLE, TN, 37207
MM 47 6 I24 W, NASHVILLE, TN, 37207
MM 47 8 I24 E, NASHVILLE, TN, 37207
MM 47 8 I24 W, NASHVILLE, TN, 37207
MM 47 I24 E, NASHVILLE, TN, 37207
MM47 I24 E, , TN,
MM 47 I24 W, NASHVILLE, , 37207
MM 47 I 24 W, NASHVILLE, TN, 37207
MM 47 I24 W, NASHVILLE, TN, 37207
MM 48 0 I24 E, NASHVILLE, TN, 37213
MM 48 0 I24 W, NASHVILLE, TN, 37207
MM 48 2 I24 E, NASHVILLE, TN, 37213
MM 48 2 I24 W, NASHVILLE, TN, 37207
MM 48 4 I24 E, NASHVILLE, TN, 37213
MM 48 4 I24 W, NASHVILLE, TN, 37206
MM 48 6 I24 E, NASHVILLE, TN, 37213
MM 48 6 I24 W, NASHVILLE, TN, 37206
MM 48 8 I24 E, NASHVILLE, TN, 37213
MM 48 8 I24 W, NASHVILLE, TN, 37206
MM 48 I 24 E, NASHVILLE, TN, 37213
MM 48 I24 E, NASHVILLE, TN, 37213
MM48 I 24E, , TN,
MM 48 I24 W, NASHVILLE, TN, 37207
MM 4 8 I440 E, NASHVILLE, TN, 37204
MM 4 8 I440 W, NASHVILLE, TN, 37204
MM48, , TN,
MM 49 0 I24 E, NASHVILLE, TN, 37213
MM 49 0 I24 W, NASHVILLE, TN, 37206
MM 49 2 I24 E, NASHVILLE, TN, 37213
MM 49 2 I24 W, NASHVILLE, TN, 37206
MM 49 4 I24 E, NASHVILLE, TN, 37213
MM 49 4 I24 W, NASHVILLE, TN, 37213
MM 49 6 I24 E, NASHVILLE, TN, 37210
MM 49 I24 E, NASHVILLE, TN, 37213
MM 49 I24 W, NASHVILLE, TN, 37213
MM 4 I440 E, NASHVILLE, TN, 37204
MM 4 I440 W, NASHVILLE, TN, 37204
MM4 I440W, , TN,
MM 51.8 I24E, , TN,
MM 52 0 I24 E1, NASHVILLE, TN, 37210
MM 52 0 I24 W, NASHVILLE, TN, 37217
MM 52 2 I24 W, NASHVILLE, TN, 37217
MM 52 4 I24 W, NASHVILLE, TN, 37217
MM 52 6 I24 W, NASHVILLE, TN, 37217
MM 52 8 I24 E, NASHVILLE, TN, 37210
MM 52 8 I24 W, NASHVILLE, TN, 37217
MM 52 I24 E, NASHVILLE, TN, 37210
MM 52 I24 W, NASHVILLE, TN, 37210
MM 52 I24 W, NASHVILLE, TN, 37217
MM 5 2 I440 E, NASHVILLE, TN, 37204
MM 5 2 I440 W, NASHVILLE, TN, 37204
MM 53 0 I24 E, NASHVILLE, TN, 37210
MM 53 0 I24 W, NASHVILLE, TN, 37217
MM 53 2 I24 E, NASHVILLE, TN, 37210
MM 53 2 I24 W, NASHVILLE, TN, 37210
MM 53 4 I24 E, NASHVILLE, TN, 37210
MM 53 4 I24 W, NASHVILLE, TN, 37210
MM 53 6 I24 E, NASHVILLE, TN, 37211
MM 53 6 I24 W, NASHVILLE, TN, 37211
MM 53 I24 E, NASHVILLE, TN, 37210
MM 53 I24 W, NASHVILLE, , 37217
MM53 I24W, NASHVILLE, TN,
MM 53 I 24 W, NASHVILLE, TN, 37217
MM 53 I24 W, NASHVILLE, TN, 37217
MM 54 I24E, , TN,
MM 54 I24 W, NASHVILLE, , 37211
MM 5 4 I440 W, NASHVILLE, TN, 37204
MM 55 0 I24 E, NASHVILLE, TN, 37211
MM 55 0 I24 W, NASHVILLE, TN, 37211
MM 55 2 I 24 E, NASHVILLE, TN, 37211
MM 55 2 I24 E, NASHVILLE, TN, 37211
MM 55 2 I24 W, NASHVILLE, TN, 37211
MM 55 4 I24 E, NASHVILLE, TN, 37211
MM 55 4 I24 W, NASHVILLE, TN, 37211
MM 55 6 I24 E, NASHVILLE, TN, 37211
MM 55 6 I24 W, NASHVILLE, TN, 37211
MM 55 8 I24 E, NASHVILLE, TN, 37211
MM 55 8 I24 W, NASHVILLE, TN, 37211
MM 55 I24 E, NASHVILLE, TN, 37211
MM55 I-24E, , TN,
MM 55 I24 W, NASHVILLE, TN, 37211
MM 55 I24W, , TN,
MM 56 0 I24 E, NASHVILLE, TN, 37211
MM 56 0 I24 W, NASHVILLE, TN, 37211
MM 56 2 I24 E, NASHVILLE, TN, 37211
MM 56 2 I24 W, NASHVILLE, TN, 37211
MM 56 4 I24 E, NASHVILLE, TN, 37211
MM 56 4 I24 W, NASHVILLE, TN, 37211
MM 56 6 I24 E, NASHVILLE, TN, 37211
MM 56 6 I24 W, NASHVILLE, TN, 37211
MM 56 8 I24 E, NASHVILLE, TN, 37211
MM 56 8 I24 W, NASHVILLE, TN, 37211
MM 56 I24 E, NASHVILLE, TN, 37211
MM 56 I24 W, NASHVILLE, , 37211
MM 56 I24 W, NASHVILLE, TN, 37211
MM 5 6 I440 E, NASHVILLE, TN, 37204
MM 5 6 I440 W, NASHVILLE, TN, 37211
MM 57 0 I24 W, NASHVILLE, TN, 37211
MM 57 2 I24 E, NASHVILLE, TN, 37211
MM 57 2 I24 W, ANTIOCH, TN, 37013
MM 57 4 I24 E, NASHVILLE, TN, 37211
MM 57 4 I24 W, ANTIOCH, TN, 37013
MM 57 6 I24 E, ANTIOCH, TN, 37013
MM 57 6 I24 W, ANTIOCH, TN, 37013
MM 57 8 I24 E, ANTIOCH, TN, 37013
MM 57 8 I24 W, ANTIOCH, TN, 37013
MM 57 I24 E, ANTIOCH, TN, 37013
MM 57 I24 E, NASHVILLE, TN, 37211
MM 57 I24 W, NASHVILLE, TN, 37211
MM 58 2 I24 E, ANTIOCH, TN, 37013
MM 58 2 I24 W, ANTIOCH, TN, 37013
MM 58 4 I24 E, ANTIOCH, TN, 37013
MM 58 4 I24 W, ANTIOCH, TN, 37013
MM 58 6 I24 E, ANTIOCH, TN, 37013
MM 58 6 I24 W, ANTIOCH, TN, 37013
MM 58 8 I24 E, ANTIOCH, TN, 37013
MM 58 8 I24 W, ANTIOCH, TN, 37013
MM 58 I24 E, ANTIOCH, TN, 37013
MM 58 I24 E, NASHVILLE, TN, 37211
MM 58 I24 W, ANTIOCH, TN, 37013
MM 5 8 I440 E, NASHVILLE, TN, 37204
MM 5 8 I440 W, NASHVILLE, TN, 37211
MM 59 2 I24 E, ANTIOCH, TN, 37013
MM 59 2 I24 W, ANTIOCH, TN, 37013
MM 59 4 I24 W, ANTIOCH, TN, 37013
MM 59 6 I24 E, ANTIOCH, TN, 37013
MM 59 6 I24 W, ANTIOCH, TN, 37013
MM 59 8 I24 E, ANTIOCH, TN, 37013
MM 59 8 I24 W, ANTIOCH, TN, 37013
MM 59 I24 E, ANTIOCH, TN, 37013
MM 59 I24 E, NASHVILLE, TN, 37211
MM 59 I24E, , TN,
MM 59 I24 W, ANTIOCH, TN, 37013
MM 5 I440 E, NASHVILLE, TN, 37204
MM 5 I440 W, NASHVILLE, TN, 37204
MM 5 I440 W, NASHVILLE, TN, 37211
MM 60 2 I24 E, ANTIOCH, TN, 37013
MM 60 2 I24 W, ANTIOCH, TN, 37013
MM 60 4 I24 E, ANTIOCH, TN, 37013
MM 60 4 I24 W, ANTIOCH, TN, 37013
MM 60 6 I24 E, ANTIOCH, TN, 37013
MM 60 6 I24 W, ANTIOCH, TN, 37013
MM 60 8 I24 E, ANTIOCH, TN, 37013
MM 60 8 I24 W, ANTIOCH, TN, 37013
MM 60 I24 E, ANTIOCH, TN, 37013
MM 60 I24 W, ANTIOCH, TN, 37013
MM60, , TN,
MM 61 2 I24 W, ANTIOCH, TN, 37013
MM 61 4 I24 E, ANTIOCH, TN, 37013
MM 61 4 I24 W, ANTIOCH, TN, 37013
MM 61 8 I24 E, ANTIOCH, TN, 37013
MM 61 8 I24 W, ANTIOCH, TN, 37013
MM 61 I24 E, ANTIOCH, TN, 37013
MM 61 I24 W, ANTIOCH, TN, 37013
MM 62 2 I24 E, ANTIOCH, TN, 37013
MM 62 2 I24 W, ANTIOCH, TN, 37013
MM 62 4 I24 E, ANTIOCH, TN, 37013
MM 62 6 I24 E, ANTIOCH, TN, 37013
MM 62 8 I24 E, ANTIOCH, TN, 37013
MM 62 I24 E, ANTIOCH, TN, 37013
MM62 I-24, , TN,
MM 62 I24 W, ANTIOCH, TN, 37013
MM 6 2 I440 E, NASHVILLE, TN, 37211
MM 6 2 I440 W, NASHVILLE, TN, 37211
MM 63 I24 E, ANTIOCH, TN, 37013
MM 63 I24 W, ANTIOCH, TN, 37013
MM 6 4 I440 E, NASHVILLE, TN, 37210
MM 6 4 I440 W, NASHVILLE, TN, 37210
MM 6 6 I440 E, NASHVILLE, TN, 37210
MM 6 6 I440 W, NASHVILLE, TN, 37210
MM 6 8 I440 E, NASHVILLE, TN, 37210
MM 6 8 I440 W, NASHVILLE, TN, 37210
MM 6 I440 E, NASHVILLE, TN, 37211
MM 6 I440 W, NASHVILLE, , 37211
MM 6 I440 W, NASHVILLE, TN, 37211
MM 7 0 BRILEY S, NASHVILLE, TN, 37210
MM 7 0 I440 E, NASHVILLE, TN, 37210
MM 7 0 I440 W, NASHVILLE, TN, 37210
MM 7 2 I440 E, NASHVILLE, TN, 37210
MM 7 2 I440 W, NASHVILLE, TN, 37210
MM 74 4 I65 S, NASHVILLE, TN, 37220
MM 75 0 I65 N, BRENTWOOD, TN, 37027
MM 75 6 I65 N, BRENTWOOD, TN, 37027
MM 75 8 I65 N, NASHVILLE, TN, 37220
MM 75 I65 S, NASHVILLE, TN, 37220
MM 76 0 I65 N, NASHVILLE, TN, 37220
MM 76 0 I65 S, NASHVILLE, TN, 37220
MM 76 2 I65 S, NASHVILLE, TN, 37220
MM 76 4 I65 N, NASHVILLE, TN, 37220
MM 76 8 I65 N, NASHVILLE, TN, 37220
MM 76 8 I65 S, NASHVILLE, TN, 37220
MM 76 I65 N, BRENTWOOD, TN, 37027
MM 76 I65 N, NASHVILLE, TN, 37220
MM 76 I65 S, NASHVILLE, TN, 37220
MM 77 2 I65 N, NASHVILLE, TN, 37220
MM 77 2 I65 S, NASHVILLE, TN, 37220
MM 77 4 I65 N, NASHVILLE, TN, 37220
MM 77 4 I65 S, NASHVILLE, TN, 37220
MM 77 6 I65 N, NASHVILLE, TN, 37220
MM 77 6 I65 S, NASHVILLE, TN, 37220
MM 77 8 I65 S, NASHVILLE, TN, 37220
MM 77 I65 N, BRENTWOOD, TN, 37027
MM 77 I65 S, NASHVILLE, TN, 37220
MM 78 0 I65 S, NASHVILLE, TN, 37204
MM 78 2 I65 N, NASHVILLE, TN, 37204
MM 78 4 I65 N, NASHVILLE, TN, 37204
MM 78 6 I65 N, NASHVILLE, TN, 37204
MM 78 6 I65 S, NASHVILLE, TN, 37204
MM 78 8 I65 N, NASHVILLE, TN, 37204
MM 78 8 I65 S, NASHVILLE, TN, 37204
MM 78 I65 N, NASHVILLE, TN, 37204
MM 78 I65 S, NASHVILLE, TN, 37204
MM 79 0 I65 N, NASHVILLE, TN, 37204
MM 79 0 I65 S, NASHVILLE, TN, 37204
MM 79 2 I65 N, NASHVILLE, TN, 37204
MM 79 2 I65 S, NASHVILLE, TN, 37204
MM 79 4 I65 N, NASHVILLE, TN, 37204
MM 79 4 I65 S, NASHVILLE, TN, 37204
MM 79 6 I65 N, NASHVILLE, TN, 37204
MM 79 6 I65 S, NASHVILLE, TN, 37204
MM 79 8 I65 N, NASHVILLE, TN, 37204
MM 79 8 I65 S, NASHVILLE, TN, 37204
MM 79 I65 N, NASHVILLE, TN, 37204
MM 79 I65 S, NASHVILLE, TN, 37204
MM 7 BRILEY S, , , 37210
MM 7 I440 E, NASHVILLE, TN, 37210
MM 7 I440 W, NASHVILLE, TN, 37210
MM 80 0 I65 N, NASHVILLE, TN, 37204
MM 80 0 I65 S, NASHVILLE, TN, 37204
MM 80 2 I65 S, NASHVILLE, TN, 37204
MM 80 4 I65 N, NASHVILLE, TN, 37204
MM 80 4 I 65 S, NASHVILLE, TN, 37204
MM 80 4 I65 S, NASHVILLE, TN, 37204
MM 80 6 I65 N, NASHVILLE, TN, 37204
MM 80 6 I65 S, NASHVILLE, TN, 37204
MM 80 8 I65 N, NASHVILLE, TN, 37204
MM 80 8 I65 S, NASHVILLE, TN, 37204
MM 80 I 65 N, NASHVILLE, TN, 37204
MM 80 I65 N, NASHVILLE, TN, 37204
MM 80 I 65 S, NASHVILLE, TN, 37204
MM 80 I65 S, NASHVILLE, TN, 37204
MM80, , TN,
MM 81 0 I65 N, NASHVILLE, TN, 37204
MM 81 2 I65 N, NASHVILLE, TN, 37204
MM 81 2 I65 S, NASHVILLE, TN, 37204
MM 81 4 I65 N, NASHVILLE, TN, 37203
MM 81 6 I65 N, NASHVILLE, TN, 37203
MM 81 I65 N, NASHVILLE, TN, 37204
MM 81 I65 S, NASHVILLE, TN, 37204
MM 82 2 I65 N, NASHVILLE, TN, 37203
MM 82 I65 N, NASHVILLE, TN, 37203
MM 82 I65 S, NASHVILLE, TN, 37203
MM 84 4 I65 S, NASHVILLE, TN, 37208
MM 84 6 I65 N, NASHVILLE, TN, 37208
MM 84 8 I 65 S, NASHVILLE, TN, 37208
MM 84 8 I65 S, NASHVILLE, TN, 37208
MM 85 0 I65 N, NASHVILLE, TN, 37208
MM 85 0 I65 S, NASHVILLE, TN, 37208
MM 85 2 I65 S, NASHVILLE, TN, 37208
MM 85 8 I65 N, NASHVILLE, TN, 37208
MM 85 8 I65 S, NASHVILLE, TN, 37228
MM 85 I65 N, NASHVILLE, TN, 37208
MM 85 I65 S, NASHVILLE, , 37208
MM 85 I65 S, NASHVILLE, TN, 37208
MM 86 0 I65 N, NASHVILLE, TN, 37208
MM 86 0 I65 S, NASHVILLE, TN, 37228
MM 86 2 I65 S, NASHVILLE, TN, 37207
MM 86 4 I65 N, NASHVILLE, TN, 37207
MM 86 I65 N, NASHVILLE, TN, 37208
MM 86 I65 N, NASHVILLE, TN, 37228
MM 86 I65 S, NASHVILLE, TN, 37208
MM 86 I65 S, NASHVILLE, TN, 37228
MM 87 0 I65 N, NASHVILLE, TN, 37207
MM 87 0 I65 S, NASHVILLE, TN, 37207
MM 87 2 I65 N, NASHVILLE, TN, 37207
MM 87 2 I 65 S, NASHVILLE, TN, 37207
MM 87 2 I65 S, NASHVILLE, TN, 37207
MM 87 4 I65 N, NASHVILLE, TN, 37207
MM 87 4 I65 S, NASHVILLE, TN, 37207
MM 87 6 I65 N, NASHVILLE, TN, 37207
MM 87 6 I65 S, NASHVILLE, TN, 37207
MM 87 8 I65 N, NASHVILLE, TN, 37207
MM 87 8 I65 S, NASHVILLE, TN, 37207
MM 87 I65 N, NASHVILLE, TN, 37207
MM 87 I65 S, NASHVILLE, TN, 37207
MM 88 0 I65 N, NASHVILLE, TN, 37207
MM 88 0 I65 S, NASHVILLE, TN, 37207
MM 88 2 I65 N, NASHVILLE, TN, 37207
MM 88 2 I65 S, NASHVILLE, TN, 37207
MM 88 4 I65 S, NASHVILLE, TN, 37207
MM 88 6 I65 N, NASHVILLE, TN, 37207
MM 88 6 I65 S, NASHVILLE, TN, 37207
MM 88 8 I65 N, NASHVILLE, TN, 37207
MM 88 8 I65 S, NASHVILLE, TN, 37207
MM 88 I65 N, NASHVILLE, , 37207
MM 88 I65 N, NASHVILLE, TN, 37207
MM 88 I65 S, NASHVILLE, , 37207
MM 88 I65 S, NASHVILLE, TN, 37207
MM 89 0 I65 N, NASHVILLE, TN, 37207
MM 89 0 I65 S, NASHVILLE, TN, 37207
MM 89 2 I65 N, NASHVILLE, TN, 37207
MM 89 2 I65 S, NASHVILLE, TN, 37207
MM 89 4 I65 N, NASHVILLE, TN, 37207
MM 89 4 I65 S, NASHVILLE, TN, 37207
MM 89 6 I65 N, NASHVILLE, TN, 37207
MM 89 6 I65 S, NASHVILLE, TN, 37207
MM 89 8 I65 N, NASHVILLE, TN, 37207
MM 89 8 I65 S, NASHVILLE, TN, 37207
MM 89 I65 N, NASHVILLE, , 37207
MM 89 I65 N, NASHVILLE, TN, 37207
MM 89 I65 S , NASHVILLE, TN, 37207
MM 89 I65 S, NASHVILLE, TN, 37207
MM 8 BRILEY N, NASHVILLE, TN, 37214
MM 8 BRILEY S, , , 37214
MM 90 0 I65 N, NASHVILLE, TN, 37216
MM 90 0 I65 S, MADISON, TN, 37115
MM 90 2 I65 N, NASHVILLE, TN, 37216
MM 90 2 I65 S, MADISON, TN, 37115
MM 90 4 I65 N, MADISON, TN, 37115
MM 90 4 I65 S, MADISON, TN, 37115
MM 90 6 I65 N, MADISON, TN, 37115
MM 90 6 I65 S, MADISON, TN, 37115
MM 90 8 I65 S, MADISON, TN, 37115
MM 90 I65 N, NASHVILLE, TN, 37216
MM 90 I65 S, MADISON, TN, 37115
MM 90 I65 S, NASHVILLE, TN, 37207
MM 90 I65 S, NASHVILLE, TN, 37216
MM 91 0 I65 N, MADISON, TN, 37115
MM 91 0 I65 S, MADISON, TN, 37115
MM 91 2 I65 N, MADISON, TN, 37115
MM 91 4 I65 N, MADISON, TN, 37115
MM 91 4 I65 S, MADISON, TN, 37115
MM 91 6 I65 N, MADISON, TN, 37115
MM 91 6 I65 S, MADISON, TN, 37115
MM 91 8 I65 N, MADISON, TN, 37115
MM 91 8 I65 S, MADISON, TN, 37115
MM 91 I65 N, MADISON, TN, 37115
MM 91 I65 S, MADISON, TN, 37115
MM 91 I65 S, NASHVILLE, TN, 37216
MM 92 0 I65 N, MADISON, TN, 37115
MM 92 0 I65 S, MADISON, TN, 37115
MM 92 2 I65 N, MADISON, TN, 37115
MM 92 2 I65 S, MADISON, TN, 37115
MM 92 4 I65 N, MADISON, TN, 37115
MM 92 4 I65 S, MADISON, TN, 37115
MM 92 6 I65 N, MADISON, TN, 37115
MM 92 8 I65 N, MADISON, TN, 37115
MM 92 8 I65 S, MADISON, TN, 37115
MM 92 I65 N, MADISON, TN, 37115
MM 92 I65 S, MADISON, TN, 37115
MM92 I 65 S, , TN,
MM 93 0 I65 N, MADISON, TN, 37115
MM 93 0 I65 S, MADISON, TN, 37115
MM 93 2 I65 N, MADISON, TN, 37115
MM93 2 I65 N, , TN,
MM 93 2 I65 S, MADISON, TN, 37115
MM 93 4 I65 N, MADISON, TN, 37115
MM 93 4 I65 S, MADISON, TN, 37115
MM 93 6 I65 N, MADISON, TN, 37115
MM 93 6 I65 S, MADISON, TN, 37115
MM 93 8 I65 N, MADISON, TN, 37115
MM 93 8 I65 S, GOODLETTSVILLE, TN, 37072
MM 93 I65 N, MADISON, TN, 37115
MM 93 I65 S, GOODLETTSVILLE, TN, 37072
MM 93 I65 S, MADISON, TN, 37115
MM 94 2 I65 N , MADISON, TN, 37115
MM 94 2 I65 N, MADISON, TN, 37115
MM 94 2 I65 S, GOODLETTSVILLE, TN, 37072
MM 94 4 I65 N, GOODLETTSVILLE, TN, 37072
MM 94 4 I65 S, GOODLETTSVILLE, TN, 37072
MM 94 6 I65 N, GOODLETTSVILLE, TN, 37072
MM 94 6 I65 S, GOODLETTSVILLE, TN, 37072
MM 94 8 I65 N, GOODLETTSVILLE, TN, 37072
MM 94 8 I65 S, GOODLETTSVILLE, TN, 37072
MM 9 4 BRILEY N, NASHVILLE, TN, 37214
MM 94 I65 N, MADISON, TN, 37115
MM 94 I65 S, GOODLETTSVILLE, , 37072
MM 94 I65 S, MADISON, TN, 37115
MM 95 0 I65 N, GOODLETTSVILLE, TN, 37072
MM 95 2 I65 N, GOODLETTSVILLE, TN, 37072
MM 95 4 I65 N, GOODLETTSVILLE, TN, 37072
MM 95 6 I65 N, GOODLETTSVILLE, TN, 37072
MM 95 6 I65 S, GOODLETTSVILLE, TN, 37072
MM 95 I65 N, GOODLETTSVILLE, , 37072
MM 95 I65 S, GOODLETTSVILLE, TN, 37072
MM 96 0 I65 N, GOODLETTSVILLE, TN, 37072
MM 96 0 I65 S, GOODLETTSVILLE, TN, 37072
MM 96 2 I65 N, GOODLETTSVILLE, TN, 37072
MM 96 4 I65 S, GOODLETTSVILLE, TN, 37072
MM 96 I65 N, GOODLETTSVILLE, TN, 37072
MM 9 BRILEY N, NASHVILLE, TN, 37214
MOLLOY ST, CENTRAL, TN, 37201
MORROW / 63RD AV N, , TN,
MORTON MILL GRNWY & OLD HARDING PIKE, NASHVILLE, TN, 37221
MOUNT VIEW RD & SANTI LN, , TN, 37013
MURFREESBORO  PIKE, NASHVILLE, QA,
MURFREESBORO PIKE & SCOTT VALLEY DR, ANTIOCH, TN, 37013
MURFREESBORO & SCOTT VALLEY, , TN,
MYATT DR & STHY 45, MADISON, TN, 37115
N1ST AND HANCOCK, NASHVILLE, TN,
N 1ST ST & GRACE ST, NASHVILLE, TN, 37207
NATCHEZ TRACE RAMP & VANDERBILT PL, , TN, 37212
NATCHEZ TRC & SUNSET PL, , TN, 37212
NATCHEZ TRC & WEST END AVE, NASHVILLE, TN, 37203
NATCHEZ TRC & WESTWOOD AVE, NASHVILLE, TN, 37212
NATCHEZ TRC & WESTWOOD AVE, , TN, 37212
NATCHEZ TRC & W LINDEN AVE, NASHVILLE, TN, 37212
NATCHEZ TRC & W LINDEN AVE, , TN, 37212
NATCHEZ TRC & WOODLAWN DR, , TN, 37212
NED LN & SUNNYWOOD DR, ANTIOCH, TN, 37013
NELSON MERRY ST, CENTRAL, TN, 37219
NG DR&BRICK CHURCH PKE , , TN,
N MAIN ST & SUMNER LINE CORD, GOODLETTSVILLE, TN, 37072
NOLENSVILLE PIKE & MCCLAIN AVE, , TN, 37210
NOLENSVILLE PIKE & MELROSE AVE, , TN, 37210
NOLENSVILLE PIKE & OLD BURKITT RD, , TN, 37013
NOLENSVILLE PIKE & SHANE POINT PL, ANTIOCH, TN, 37013
NOLENSVILLE PIKE & SUGAR VALLEY DR, ANTIOCH, , 37013
NOLENSVILLE PK, , TA,
NOLENSVILLE, , QA,
OHB & CENTER, , TN,
OHB & HARTLEY, , TN,
OHB, MADISON, TN,
OHB, MADISON, TN, 37115
OLD CLARKSVILLE PIKE & WHITES CREEK PIKE, WHITES CREEK, TN, 37189
OLD HICKORY BLVD OOC, , TN, 37138
OLD HICKORY BLVD & STATELAND RD, HERMITAGE, TN, 37076
OLD HICKORY BLVD W&I65 N , , TN,
OLD MATTHEWS RD & PAPPUS CT, NASHVILLE, TN, 37207
OLD MATTHEWS RD & PAPPUS CT, , TN, 37207
ONEIDA AVE & ROSEDALE AVE, NASHVILLE, TN, 37207
PACKARD DR & PANAMINT DR, TUSCULUM, TN, 37211
PACKARD DR, TUSCULUM, TN, 37013
PANAMINT DR, TUSCULUM, TN, 37013
PARAGON DR & PROVIDENCE PARK LN, , TN, 37211
PARK CT & TUSCULUM RD, NASHVILLE, TN, 37211
PEGRAM ST & URBANDALE AVE, NASHVILLE, TN, 37209
PENNSYLVANIA AV&56TH AV N , , TN,
PORTER RD & TILLMAN LA, , TN, 37206
PORTER & TAM, , TN,
QUAREZ DR, , TN,
RAMSEY / MYRTLE, , TN,
REELING AVE, NASHVILLE, TN, 37216
REMMINGTON TRC & STREAMFIELD PASS, , TN, 37013
RIO VISTA DR & STHY 45, MADISON, TN, 37115
RIVERGATE PKWY & VIETNAM VETERANS BLVD N, , TN, 37072
RIVER PLANTATION PVT DR & SAWY, , TN,
ROBERTSON AV / BRILEY PKWY, , TN,
ROBERTSON AVE & SPENCER AVE, NASHVILLE, TN, 37209
ROBERTSON LINE CORD & WHITES CREEK PIKE, GOODLETTSVILLE, TN, 37072
ROBERTSON/RIES, , TN,
ROSA L PARKS BLVD, CENTRAL, TN, 37203
ROSA L PARKS BLVD, CENTRAL, TN, 37208
ROSA L PARKS BLVD, CENTRAL, TN, 37219
ROY ACUFF PL., BOWLING GREEN  , KY,
S 4TH ST & WOODLAND ST, NASHVILLE, TN, 37206
S 6TH ST & BOSCOBEL ST, NASHVILLE, , 37206
S 6TH ST & BOSCOBEL ST, NASHVILLE, TN, 37206
SAWYER BROWN RD / GEN GEORGE P, , TN,
S GALLATIN PIKE & BRILEY PKWY EXIT W, MADISON, TN, 37115
SHAWNEE/RODNEY, , TN,
SI4TH, NASHVILLE, TN, 37206
SICO, NASH, TN,
SITTING MILL CT & SUNNYWOOD DR, ANTIOCH, TN, 37013
SOUTH HAMILTON\JOHN MALLETTE , , TN,
SPRING ST, , QA,
STATE ROUTE 45 EAGAN CIRCLE, , TN,
STEWARTS FERRY & I-40 EAST ENT RAMP, , TN,
STHY 45 , MADISON, TN, 37115
ST LOUIS ST&DR D B TODD JR BLV, , TN,
SUGARPLUM RD & SUNNYWOOD DR, ANTIOCH, TN, 37013
SUGAR VALLEY DR & SUNNYWOOD DR, ANTIOCH, TN, 37013
THOMPSON LA , WOODBINE, TN, 37204
THOMPSON LA , WOODBINE, TN, 37210
THOMPSON LA, WOODBINE, TN, 37211
TRINITY & FAIRWIN, , TN,
TUSCULUM, , QA,
VAN BUREN ST, CENTRAL, TN, 37208
VAUGHN RD & WILLIAMSON LINE CORD, , TN, 37221
WALLER RD & WILLIAMSON CTYLN, NASHVILLE, TN, 37211
WALSH RD, VINEHILL, TN, 37203
WALTERR S  DAVIS   ED TEMPLE  , NASHVILLE, TN,
WEDGEWOOD AV&I65 N ENT RMP , , TN,
W ENT RAMP & HERMITAGE AVE, , TN, 37210
W ENT RAMP & S 4TH ST, , TN, 37206
WHITE BRIDGE PKE&I40 E , , TN,
WHITE BRIDGE PKE&I40 E, , TN,
WOODLAND ST&I24 E , , TN,
WOODMONT BLVD & WOODMONT BOULEVARD RAMP, , TN, 37204
W TRINITY LA&I65 N , , TN,
W TRINITY LA&I65 S , , TN,
W TRINITY LA & MONTICELLO DR, NASHVILLE, TN, 37207
W TRINITY LN & I65 N ENT RAMP, , TN,
W TRINITY LN & ROY ST, NASHVILLE, , 37207
W TRINITY LN & ROY ST, NASHVILLE, TN, 37207
